,DATA,ESTACAO,SVID,S4,ZERO,AZ,EL,ROTI,TEC_R,S_N,DPR,DPC,MIN
3 0.188 0000   21   3 0.00  0.1  0.0 0.0 0.0 0,2026-01-01,Vitória da Conquista (BA),3,188,0,21,3,0.00,0.1,0.0,0.0,0.0,0
4 0.973 0000   66  28 0.00  0.1  0.0 0.0 0.0 0,2026-01-01,Vitória da Conquista (BA),4,973,0,66,28,0.00,0.1,0.0,0.0,0.0,0
5 0.113 0000  221   4 0.00  0.1  0.0 0.0 0.0 0,2026-01-01,Vitória da Conquista (BA),5,113,0,221,4,0.00,0.1,0.0,0.0,0.0,0
6 0.412 0000  316   5 0.00  0.1  0.0 0.0 0.0 0,2026-01-01,Vitória da Conquista (BA),6,412,0,316,5,0.00,0.1,0.0,0.0,0.0,0
7 0.035 0000  168  38 0.00  0.1  0.0 0.0 0.0 0,2026-01-01,Vitória da Conquista (BA),7,35,0,168,38,0.00,0.1,0.0,0.0,0.0,0
8 0.454 0000  118  20 0.00  0.1  0.0 0.0 0.0 0,2026-01-01,Vitória da Conquista (BA),8,454,0,118,20,0.00,0.1,0.0,0.0,0.0,0
9 0.077 0000   93  59 0.00  0.1  0.0 0.0 0.0 0,2026-01-01,Vitória da Conquista (BA),9,77,0,93,59,0.00,0.1,0.0,0.0,0.0,0
14 0.000 0000  300  58 0.00  0.1  0.0 0.0 0.0 0,2026-01-01,Vitória da Conquista (BA),14,0,0,300,58,0.00,0.1,0.0,0.0,0.0,0
17 0.506 0000  355  16 0.00  0.1  0.0 0.0 0.0 0,2026-01-01,Vitória da Conquista (BA),17,506,0,355,16,0.00,0.1,0.0,0.0,0.0,0
20 1.061 0000  246  25 0.00  0.1  0.0 0.0 0.0 0,2026-01-01,Vitória da Conquista (BA),20,1.061,0,246,25,0.00,0.1,0.0,0.0,0.0,0
21 0.638 0000  237  28 0.00  0.1  0.0 0.0 0.0 0,2026-01-01,Vitória da Conquista (BA),21,638,0,237,28,0.00,0.1,0.0,0.0,0.0,0
22 0.056 0000  315  40 0.00  0.1  0.0 0.0 0.0 0,2026-01-01,Vitória da Conquista (BA),22,56,0,315,40,0.00,0.1,0.0,0.0,0.0,0
30 0.032 0000  209  39 0.00  0.1  0.0 0.0 0.0 0,2026-01-01,Vitória da Conquista (BA),30,32,0,209,39,0.00,0.1,0.0,0.0,0.0,0
41 0.127 0000   41  34 0.00  0.1  0.0 0.0 0.0 0,2026-01-01,Vitória da Conquista (BA),41,127,0,41,34,0.00,0.1,0.0,0.0,0.0,0
42 0.006 0000  116  75 0.00  0.1  0.0 0.0 0.0 0,2026-01-01,Vitória da Conquista (BA),42,6,0,116,75,0.00,0.1,0.0,0.0,0.0,0
43 0.054 0000  199  34 0.00  0.1  0.0 0.0 0.0 0,2026-01-01,Vitória da Conquista (BA),43,54,0,199,34,0.00,0.1,0.0,0.0,0.0,0
52 0.024 0000  162  22 0.00  0.1  0.0 0.0 0.0 0,2026-01-01,Vitória da Conquista (BA),52,24,0,162,22,0.00,0.1,0.0,0.0,0.0,0
53 0.011 0000  223  53 0.00  0.1  0.0 0.0 0.0 0,2026-01-01,Vitória da Conquista (BA),53,11,0,223,53,0.00,0.1,0.0,0.0,0.0,0
72 0.033 0000  146  49 0.00  0.1  0.0 0.0 0.0 0,2026-01-01,Vitória da Conquista (BA),72,33,0,146,49,0.00,0.1,0.0,0.0,0.0,0
73 0.336 0000   81  37 0.00  0.1  0.0 0.0 0.0 0,2026-01-01,Vitória da Conquista (BA),73,336,0,81,37,0.00,0.1,0.0,0.0,0.0,0
77 0.513 0000  213  21 0.00  0.1  0.0 0.0 0.0 0,2026-01-01,Vitória da Conquista (BA),77,513,0,213,21,0.00,0.1,0.0,0.0,0.0,0
78 0.012 0000  160  56 0.00  0.1  0.0 0.0 0.0 0,2026-01-01,Vitória da Conquista (BA),78,12,0,160,56,0.00,0.1,0.0,0.0,0.0,0
83 0.219 0000  298   9 0.00  0.1  0.0 0.0 0.0 0,2026-01-01,Vitória da Conquista (BA),83,219,0,298,9,0.00,0.1,0.0,0.0,0.0,0
85 0.764 0000  347   9 0.00  0.1  0.0 0.0 0.0 0,2026-01-01,Vitória da Conquista (BA),85,764,0,347,9,0.00,0.1,0.0,0.0,0.0,0
97 0.500 0000  321  22 0.00  0.1  0.0 0.0 0.0 0,2026-01-01,Vitória da Conquista (BA),97,500,0,321,22,0.00,0.1,0.0,0.0,0.0,0
100 0.008 0000  313  74 0.00  0.1  0.0 0.0 0.0 0,2026-01-01,Vitória da Conquista (BA),100,8,0,313,74,0.00,0.1,0.0,0.0,0.0,0
121 0.186 0000   70  46 0.00  0.1  0.0 0.0 0.0 0,2026-01-01,Vitória da Conquista (BA),121,186,0,70,46,0.00,0.1,0.0,0.0,0.0,0
123 0.306 0000   83  16 0.00  0.1  0.0 0.0 0.0 0,2026-01-01,Vitória da Conquista (BA),123,306,0,83,16,0.00,0.1,0.0,0.0,0.0,0
131 0.163 0000  274   5 0.00  0.1  0.0 0.0 0.0 0,2026-01-01,Vitória da Conquista (BA),131,163,0,274,5,0.00,0.1,0.0,0.0,0.0,0
136 0.509 0000   76  35 0.00  0.1  0.0 0.0 0.0 0,2026-01-01,Vitória da Conquista (BA),136,509,0,76,35,0.00,0.1,0.0,0.0,0.0,0
160 0.013 0000  216  45 0.00  0.1  0.0 0.0 0.0 0,2026-01-01,Vitória da Conquista (BA),160,13,0,216,45,0.00,0.1,0.0,0.0,0.0,0
163 0.079 0000  142  17 0.00  0.1  0.0 0.0 0.0 0,2026-01-01,Vitória da Conquista (BA),163,79,0,142,17,0.00,0.1,0.0,0.0,0.0,0
167 0.427 0000   18  14 0.00  0.1  0.0 0.0 0.0 0,2026-01-01,Vitória da Conquista (BA),167,427,0,18,14,0.00,0.1,0.0,0.0,0.0,0
168 0.238 0000   59  14 0.00  0.1  0.0 0.0 0.0 0,2026-01-01,Vitória da Conquista (BA),168,238,0,59,14,0.00,0.1,0.0,0.0,0.0,0
172 0.013 0000   29  73 0.00  0.1  0.0 0.0 0.0 0,2026-01-01,Vitória da Conquista (BA),172,13,0,29,73,0.00,0.1,0.0,0.0,0.0,0
177 0.023 0000  189  52 0.00  0.1  0.0 0.0 0.0 0,2026-01-01,Vitória da Conquista (BA),177,23,0,189,52,0.00,0.1,0.0,0.0,0.0,0
223 0.546 0000   34  17 0.00  0.1  0.0 0.0 0.0 0,2026-01-01,Vitória da Conquista (BA),223,546,0,34,17,0.00,0.1,0.0,0.0,0.0,0
4 0.023 0000   64  27 0.00  0.1  0.0 0.0 0.0 0,2026-01-02,Vitória da Conquista (BA),4,23,0,64,27,0.00,0.1,0.0,0.0,0.0,0
5 0.231 0000  222   5 0.00  0.1  0.0 0.0 0.0 0,2026-01-02,Vitória da Conquista (BA),5,231,0,222,5,0.00,0.1,0.0,0.0,0.0,0
6 0.387 0000  318   4 0.00  0.1  0.0 0.0 0.0 0,2026-01-02,Vitória da Conquista (BA),6,387,0,318,4,0.00,0.1,0.0,0.0,0.0,0
7 0.049 0000  166  38 0.00  0.1  0.0 0.0 0.0 0,2026-01-02,Vitória da Conquista (BA),7,49,0,166,38,0.00,0.1,0.0,0.0,0.0,0
8 0.000 0000  119  20 0.00  0.1  0.0 0.0 0.0 0,2026-01-02,Vitória da Conquista (BA),8,0,0,119,20,0.00,0.1,0.0,0.0,0.0,0
9 0.031 0000   89  59 0.00  0.1  0.0 0.0 0.0 0,2026-01-02,Vitória da Conquista (BA),9,31,0,89,59,0.00,0.1,0.0,0.0,0.0,0
14 0.307 0000  297  60 0.00  0.1  0.0 0.0 0.0 0,2026-01-02,Vitória da Conquista (BA),14,307,0,297,60,0.00,0.1,0.0,0.0,0.0,0
17 0.567 0000  356  17 0.00  0.1  0.0 0.0 0.0 0,2026-01-02,Vitória da Conquista (BA),17,567,0,356,17,0.00,0.1,0.0,0.0,0.0,0
20 0.043 0000  248  25 0.00  0.1  0.0 0.0 0.0 0,2026-01-02,Vitória da Conquista (BA),20,43,0,248,25,0.00,0.1,0.0,0.0,0.0,0
21 0.036 0000  239  29 0.00  0.1  0.0 0.0 0.0 0,2026-01-02,Vitória da Conquista (BA),21,36,0,239,29,0.00,0.1,0.0,0.0,0.0,0
22 0.048 0000  313  42 0.00  0.1  0.0 0.0 0.0 0,2026-01-02,Vitória da Conquista (BA),22,48,0,313,42,0.00,0.1,0.0,0.0,0.0,0
30 0.046 0000  206  39 0.00  0.1  0.0 0.0 0.0 0,2026-01-02,Vitória da Conquista (BA),30,46,0,206,39,0.00,0.1,0.0,0.0,0.0,0
42 0.061 0000   38  29 0.00  0.1  0.0 0.0 0.0 0,2026-01-02,Vitória da Conquista (BA),42,61,0,38,29,0.00,0.1,0.0,0.0,0.0,0
43 0.740 0000   99  77 0.00  0.1  0.0 0.0 0.0 0,2026-01-02,Vitória da Conquista (BA),43,740,0,99,77,0.00,0.1,0.0,0.0,0.0,0
44 0.066 0000  200  30 0.00  0.1  0.0 0.0 0.0 0,2026-01-02,Vitória da Conquista (BA),44,66,0,200,30,0.00,0.1,0.0,0.0,0.0,0
46 0.049 0000  224  51 0.00  0.1  0.0 0.0 0.0 0,2026-01-02,Vitória da Conquista (BA),46,49,0,224,51,0.00,0.1,0.0,0.0,0.0,0
47 0.064 0000  287  31 0.00  0.1  0.0 0.0 0.0 0,2026-01-02,Vitória da Conquista (BA),47,64,0,287,31,0.00,0.1,0.0,0.0,0.0,0
53 0.059 0000  162  21 0.00  0.1  0.0 0.0 0.0 0,2026-01-02,Vitória da Conquista (BA),53,59,0,162,21,0.00,0.1,0.0,0.0,0.0,0
73 0.082 0000  222   5 0.00  0.1  0.0 0.0 0.0 0,2026-01-02,Vitória da Conquista (BA),73,82,0,222,5,0.00,0.1,0.0,0.0,0.0,0
74 0.810 0000   62  12 0.00  0.1  0.0 0.0 0.0 0,2026-01-02,Vitória da Conquista (BA),74,810,0,62,12,0.00,0.1,0.0,0.0,0.0,0
75 0.034 0000  190  46 0.00  0.1  0.0 0.0 0.0 0,2026-01-02,Vitória da Conquista (BA),75,34,0,190,46,0.00,0.1,0.0,0.0,0.0,0
76 0.034 0000   76  33 0.00  0.1  0.0 0.0 0.0 0,2026-01-02,Vitória da Conquista (BA),76,34,0,76,33,0.00,0.1,0.0,0.0,0.0,0
79 0.038 0000  100  51 0.00  0.1  0.0 0.0 0.0 0,2026-01-02,Vitória da Conquista (BA),79,38,0,100,51,0.00,0.1,0.0,0.0,0.0,0
95 0.945 0000  317  55 0.00  0.1  0.0 0.0 0.0 0,2026-01-02,Vitória da Conquista (BA),95,945,0,317,55,0.00,0.1,0.0,0.0,0.0,0
101 0.050 0000  144  16 0.00  0.1  0.0 0.0 0.0 0,2026-01-02,Vitória da Conquista (BA),101,50,0,144,16,0.00,0.1,0.0,0.0,0.0,0
104 0.342 0000  281   4 0.00  0.1  0.0 0.0 0.0 0,2026-01-02,Vitória da Conquista (BA),104,342,0,281,4,0.00,0.1,0.0,0.0,0.0,0
106 0.316 0000  329  10 0.00  0.1  0.0 0.0 0.0 0,2026-01-02,Vitória da Conquista (BA),106,316,0,329,10,0.00,0.1,0.0,0.0,0.0,0
121 0.031 0000   70  46 0.00  0.1  0.0 0.0 0.0 0,2026-01-02,Vitória da Conquista (BA),121,31,0,70,46,0.00,0.1,0.0,0.0,0.0,0
123 0.058 0000   83  16 0.00  0.1  0.0 0.0 0.0 0,2026-01-02,Vitória da Conquista (BA),123,58,0,83,16,0.00,0.1,0.0,0.0,0.0,0
136 0.045 0000   76  35 0.00  0.1  0.0 0.0 0.0 0,2026-01-02,Vitória da Conquista (BA),136,45,0,76,35,0.00,0.1,0.0,0.0,0.0,0
151 0.094 0000   84   7 0.00  0.1  0.0 0.0 0.0 0,2026-01-02,Vitória da Conquista (BA),151,94,0,84,7,0.00,0.1,0.0,0.0,0.0,0
163 0.116 0000  202  53 0.00  0.1  0.0 0.0 0.0 0,2026-01-02,Vitória da Conquista (BA),163,116,0,202,53,0.00,0.1,0.0,0.0,0.0,0
165 0.054 0000  147  24 0.00  0.1  0.0 0.0 0.0 0,2026-01-02,Vitória da Conquista (BA),165,54,0,147,24,0.00,0.1,0.0,0.0,0.0,0
168 1.124 0000    3  11 0.00  0.1  0.0 0.0 0.0 0,2026-01-02,Vitória da Conquista (BA),168,1.124,0,3,11,0.00,0.1,0.0,0.0,0.0,0
172 0.030 0000  217  43 0.00  0.1  0.0 0.0 0.0 0,2026-01-02,Vitória da Conquista (BA),172,30,0,217,43,0.00,0.1,0.0,0.0,0.0,0
173 0.035 0000   33  25 0.00  0.1  0.0 0.0 0.0 0,2026-01-02,Vitória da Conquista (BA),173,35,0,33,25,0.00,0.1,0.0,0.0,0.0,0
177 0.033 0000  272  33 0.00  0.1  0.0 0.0 0.0 0,2026-01-02,Vitória da Conquista (BA),177,33,0,272,33,0.00,0.1,0.0,0.0,0.0,0
223 0.688 0000   23  76 0.00  0.1  0.0 0.0 0.0 0,2026-01-02,Vitória da Conquista (BA),223,688,0,23,76,0.00,0.1,0.0,0.0,0.0,0
225 0.529 0000   59  17 0.00  0.1  0.0 0.0 0.0 0,2026-01-02,Vitória da Conquista (BA),225,529,0,59,17,0.00,0.1,0.0,0.0,0.0,0
4 0.000 0000   62  26 0.00  0.1  0.0 0.0 0.0 0,2026-01-03,Vitória da Conquista (BA),4,0,0,62,26,0.00,0.1,0.0,0.0,0.0,0
5 0.467 0000  224   6 0.00  0.1  0.0 0.0 0.0 0,2026-01-03,Vitória da Conquista (BA),5,467,0,224,6,0.00,0.1,0.0,0.0,0.0,0
6 0.300 0000  320   4 0.00  0.1  0.0 0.0 0.0 0,2026-01-03,Vitória da Conquista (BA),6,300,0,320,4,0.00,0.1,0.0,0.0,0.0,0
7 0.039 0000  164  37 0.00  0.1  0.0 0.0 0.0 0,2026-01-03,Vitória da Conquista (BA),7,39,0,164,37,0.00,0.1,0.0,0.0,0.0,0
8 0.000 0000  121  19 0.00  0.1  0.0 0.0 0.0 0,2026-01-03,Vitória da Conquista (BA),8,0,0,121,19,0.00,0.1,0.0,0.0,0.0,0
9 0.008 0000   85  58 0.00  0.1  0.0 0.0 0.0 0,2026-01-03,Vitória da Conquista (BA),9,8,0,85,58,0.00,0.1,0.0,0.0,0.0,0
14 0.014 0000  294  61 0.00  0.1  0.0 0.0 0.0 0,2026-01-03,Vitória da Conquista (BA),14,14,0,294,61,0.00,0.1,0.0,0.0,0.0,0
17 0.833 0000  357  19 0.00  0.1  0.0 0.0 0.0 0,2026-01-03,Vitória da Conquista (BA),17,833,0,357,19,0.00,0.1,0.0,0.0,0.0,0
19 0.443 0000  342   3 0.00  0.1  0.0 0.0 0.0 0,2026-01-03,Vitória da Conquista (BA),19,443,0,342,3,0.00,0.1,0.0,0.0,0.0,0
20 0.170 0000  250  26 0.00  0.1  0.0 0.0 0.0 0,2026-01-03,Vitória da Conquista (BA),20,170,0,250,26,0.00,0.1,0.0,0.0,0.0,0
21 0.064 0000  241  30 0.00  0.1  0.0 0.0 0.0 0,2026-01-03,Vitória da Conquista (BA),21,64,0,241,30,0.00,0.1,0.0,0.0,0.0,0
22 0.910 0000  311  43 0.00  0.1  0.0 0.0 0.0 0,2026-01-03,Vitória da Conquista (BA),22,910,0,311,43,0.00,0.1,0.0,0.0,0.0,0
30 0.044 0000  204  39 0.00  0.1  0.0 0.0 0.0 0,2026-01-03,Vitória da Conquista (BA),30,44,0,204,39,0.00,0.1,0.0,0.0,0.0,0
43 0.046 0000   36  27 0.00  0.1  0.0 0.0 0.0 0,2026-01-03,Vitória da Conquista (BA),43,46,0,36,27,0.00,0.1,0.0,0.0,0.0,0
44 0.011 0000  121  79 0.00  0.1  0.0 0.0 0.0 0,2026-01-03,Vitória da Conquista (BA),44,11,0,121,79,0.00,0.1,0.0,0.0,0.0,0
45 0.027 0000  200  33 0.00  0.1  0.0 0.0 0.0 0,2026-01-03,Vitória da Conquista (BA),45,27,0,200,33,0.00,0.1,0.0,0.0,0.0,0
46 0.167 0000  161  22 0.00  0.1  0.0 0.0 0.0 0,2026-01-03,Vitória da Conquista (BA),46,167,0,161,22,0.00,0.1,0.0,0.0,0.0,0
47 0.031 0000  212  50 0.00  0.1  0.0 0.0 0.0 0,2026-01-03,Vitória da Conquista (BA),47,31,0,212,50,0.00,0.1,0.0,0.0,0.0,0
74 0.021 0000  206  31 0.00  0.1  0.0 0.0 0.0 0,2026-01-03,Vitória da Conquista (BA),74,21,0,206,31,0.00,0.1,0.0,0.0,0.0,0
76 0.645 0000  220  10 0.00  0.1  0.0 0.0 0.0 0,2026-01-03,Vitória da Conquista (BA),76,645,0,220,10,0.00,0.1,0.0,0.0,0.0,0
80 0.187 0000  287   5 0.00  0.1  0.0 0.0 0.0 0,2026-01-03,Vitória da Conquista (BA),80,187,0,287,5,0.00,0.1,0.0,0.0,0.0,0
82 0.386 0000  309   9 0.00  0.1  0.0 0.0 0.0 0,2026-01-03,Vitória da Conquista (BA),82,386,0,309,9,0.00,0.1,0.0,0.0,0.0,0
89 0.000 0000  128  59 0.00  0.1  0.0 0.0 0.0 0,2026-01-03,Vitória da Conquista (BA),89,0,0,128,59,0.00,0.1,0.0,0.0,0.0,0
91 0.000 0000  146  35 0.00  0.1  0.0 0.0 0.0 0,2026-01-03,Vitória da Conquista (BA),91,0,0,146,35,0.00,0.1,0.0,0.0,0.0,0
93 0.011 0000  243  85 0.00  0.1  0.0 0.0 0.0 0,2026-01-03,Vitória da Conquista (BA),93,11,0,243,85,0.00,0.1,0.0,0.0,0.0,0
99 0.026 0000   71  28 0.00  0.1  0.0 0.0 0.0 0,2026-01-03,Vitória da Conquista (BA),99,26,0,71,28,0.00,0.1,0.0,0.0,0.0,0
101 0.552 0000  318  35 0.00  0.1  0.0 0.0 0.0 0,2026-01-03,Vitória da Conquista (BA),101,552,0,318,35,0.00,0.1,0.0,0.0,0.0,0
103 0.289 0000  359   7 0.00  0.1  0.0 0.0 0.0 0,2026-01-03,Vitória da Conquista (BA),103,289,0,359,7,0.00,0.1,0.0,0.0,0.0,0
121 0.000 0000   70  46 0.00  0.1  0.0 0.0 0.0 0,2026-01-03,Vitória da Conquista (BA),121,0,0,70,46,0.00,0.1,0.0,0.0,0.0,0
123 0.105 0000   83  16 0.00  0.1  0.0 0.0 0.0 0,2026-01-03,Vitória da Conquista (BA),123,105,0,83,16,0.00,0.1,0.0,0.0,0.0,0
136 0.000 0000   76  35 0.00  0.1  0.0 0.0 0.0 0,2026-01-03,Vitória da Conquista (BA),136,0,0,76,35,0.00,0.1,0.0,0.0,0.0,0
151 0.669 0000   30  14 0.00  0.1  0.0 0.0 0.0 0,2026-01-03,Vitória da Conquista (BA),151,669,0,30,14,0.00,0.1,0.0,0.0,0.0,0
152 0.000 0000   79  10 0.00  0.1  0.0 0.0 0.0 0,2026-01-03,Vitória da Conquista (BA),152,0,0,79,10,0.00,0.1,0.0,0.0,0.0,0
154 0.023 0000   28  57 0.00  0.1  0.0 0.0 0.0 0,2026-01-03,Vitória da Conquista (BA),154,23,0,28,57,0.00,0.1,0.0,0.0,0.0,0
163 1.076 0000  277  27 0.00  0.1  0.0 0.0 0.0 0,2026-01-03,Vitória da Conquista (BA),163,1.076,0,277,27,0.00,0.1,0.0,0.0,0.0,0
164 0.052 0000  147  25 0.00  0.1  0.0 0.0 0.0 0,2026-01-03,Vitória da Conquista (BA),164,52,0,147,25,0.00,0.1,0.0,0.0,0.0,0
165 0.016 0000  218  52 0.00  0.1  0.0 0.0 0.0 0,2026-01-03,Vitória da Conquista (BA),165,16,0,218,52,0.00,0.1,0.0,0.0,0.0,0
173 0.024 0000  348  85 0.00  0.1  0.0 0.0 0.0 0,2026-01-03,Vitória da Conquista (BA),173,24,0,348,85,0.00,0.1,0.0,0.0,0.0,0
174 0.032 0000   55  18 0.00  0.1  0.0 0.0 0.0 0,2026-01-03,Vitória da Conquista (BA),174,32,0,55,18,0.00,0.1,0.0,0.0,0.0,0
223 0.015 0000  217  40 0.00  0.1  0.0 0.0 0.0 0,2026-01-03,Vitória da Conquista (BA),223,15,0,217,40,0.00,0.1,0.0,0.0,0.0,0
224 0.044 0000   32  28 0.00  0.1  0.0 0.0 0.0 0,2026-01-03,Vitória da Conquista (BA),224,44,0,32,28,0.00,0.1,0.0,0.0,0.0,0
225 0.559 0000    2  12 0.00  0.1  0.0 0.0 0.0 0,2026-01-03,Vitória da Conquista (BA),225,559,0,2,12,0.00,0.1,0.0,0.0,0.0,0
226 0.086 0000  103   4 0.00  0.1  0.0 0.0 0.0 0,2026-01-03,Vitória da Conquista (BA),226,86,0,103,4,0.00,0.1,0.0,0.0,0.0,0
4 0.282 0000   60  25 0.00  0.1  0.0 0.0 0.0 0,2026-01-04,Vitória da Conquista (BA),4,282,0,60,25,0.00,0.1,0.0,0.0,0.0,0
5 0.081 0000  225   7 0.00  0.1  0.0 0.0 0.0 0,2026-01-04,Vitória da Conquista (BA),5,81,0,225,7,0.00,0.1,0.0,0.0,0.0,0
7 0.058 0000  162  37 0.00  0.1  0.0 0.0 0.0 0,2026-01-04,Vitória da Conquista (BA),7,58,0,162,37,0.00,0.1,0.0,0.0,0.0,0
8 0.023 0000  123  18 0.00  0.1  0.0 0.0 0.0 0,2026-01-04,Vitória da Conquista (BA),8,23,0,123,18,0.00,0.1,0.0,0.0,0.0,0
9 0.044 0000   82  57 0.00  0.1  0.0 0.0 0.0 0,2026-01-04,Vitória da Conquista (BA),9,44,0,82,57,0.00,0.1,0.0,0.0,0.0,0
14 0.012 0000  290  62 0.00  0.1  0.0 0.0 0.0 0,2026-01-04,Vitória da Conquista (BA),14,12,0,290,62,0.00,0.1,0.0,0.0,0.0,0
17 0.701 0000  358  20 0.00  0.1  0.0 0.0 0.0 0,2026-01-04,Vitória da Conquista (BA),17,701,0,358,20,0.00,0.1,0.0,0.0,0.0,0
19 0.579 0000  343   4 0.00  0.1  0.0 0.0 0.0 0,2026-01-04,Vitória da Conquista (BA),19,579,0,343,4,0.00,0.1,0.0,0.0,0.0,0
20 0.038 0000  252  26 0.00  0.1  0.0 0.0 0.0 0,2026-01-04,Vitória da Conquista (BA),20,38,0,252,26,0.00,0.1,0.0,0.0,0.0,0
21 0.568 0000  243  31 0.00  0.1  0.0 0.0 0.0 0,2026-01-04,Vitória da Conquista (BA),21,568,0,243,31,0.00,0.1,0.0,0.0,0.0,0
22 0.894 0000  309  45 0.00  0.1  0.0 0.0 0.0 0,2026-01-04,Vitória da Conquista (BA),22,894,0,309,45,0.00,0.1,0.0,0.0,0.0,0
30 0.059 0000  202  39 0.00  0.1  0.0 0.0 0.0 0,2026-01-04,Vitória da Conquista (BA),30,59,0,202,39,0.00,0.1,0.0,0.0,0.0,0
38 0.081 0000  202  34 0.00  0.1  0.0 0.0 0.0 0,2026-01-04,Vitória da Conquista (BA),38,81,0,202,34,0.00,0.1,0.0,0.0,0.0,0
44 0.315 0000   35  31 0.00  0.1  0.0 0.0 0.0 0,2026-01-04,Vitória da Conquista (BA),44,315,0,35,31,0.00,0.1,0.0,0.0,0.0,0
45 0.014 0000  102  80 0.00  0.1  0.0 0.0 0.0 0,2026-01-04,Vitória da Conquista (BA),45,14,0,102,80,0.00,0.1,0.0,0.0,0.0,0
47 0.042 0000  157  16 0.00  0.1  0.0 0.0 0.0 0,2026-01-04,Vitória da Conquista (BA),47,42,0,157,16,0.00,0.1,0.0,0.0,0.0,0
49 0.426 0000  285  31 0.00  0.1  0.0 0.0 0.0 0,2026-01-04,Vitória da Conquista (BA),49,426,0,285,31,0.00,0.1,0.0,0.0,0.0,0
77 0.024 0000  173  55 0.00  0.1  0.0 0.0 0.0 0,2026-01-04,Vitória da Conquista (BA),77,24,0,173,55,0.00,0.1,0.0,0.0,0.0,0
78 0.112 0000   84  44 0.00  0.1  0.0 0.0 0.0 0,2026-01-04,Vitória da Conquista (BA),78,112,0,84,44,0.00,0.1,0.0,0.0,0.0,0
83 0.458 0000  340   9 0.00  0.1  0.0 0.0 0.0 0,2026-01-04,Vitória da Conquista (BA),83,458,0,340,9,0.00,0.1,0.0,0.0,0.0,0
91 0.048 0000  320  15 0.00  0.1  0.0 0.0 0.0 0,2026-01-04,Vitória da Conquista (BA),91,48,0,320,15,0.00,0.1,0.0,0.0,0.0,0
96 0.348 0000  292   6 0.00  0.1  0.0 0.0 0.0 0,2026-01-04,Vitória da Conquista (BA),96,348,0,292,6,0.00,0.1,0.0,0.0,0.0,0
97 0.011 0000  307  68 0.00  0.1  0.0 0.0 0.0 0,2026-01-04,Vitória da Conquista (BA),97,11,0,307,68,0.00,0.1,0.0,0.0,0.0,0
99 0.044 0000  217  15 0.00  0.1  0.0 0.0 0.0 0,2026-01-04,Vitória da Conquista (BA),99,44,0,217,15,0.00,0.1,0.0,0.0,0.0,0
100 0.015 0000  151  56 0.00  0.1  0.0 0.0 0.0 0,2026-01-04,Vitória da Conquista (BA),100,15,0,151,56,0.00,0.1,0.0,0.0,0.0,0
121 0.094 0000   70  46 0.00  0.1  0.0 0.0 0.0 0,2026-01-04,Vitória da Conquista (BA),121,94,0,70,46,0.00,0.1,0.0,0.0,0.0,0
123 0.163 0000   83  16 0.00  0.1  0.0 0.0 0.0 0,2026-01-04,Vitória da Conquista (BA),123,163,0,83,16,0.00,0.1,0.0,0.0,0.0,0
131 0.152 0000  274   5 0.00  0.1  0.0 0.0 0.0 0,2026-01-04,Vitória da Conquista (BA),131,152,0,274,5,0.00,0.1,0.0,0.0,0.0,0
136 0.218 0000   76  35 0.00  0.1  0.0 0.0 0.0 0,2026-01-04,Vitória da Conquista (BA),136,218,0,76,35,0.00,0.1,0.0,0.0,0.0,0
152 0.860 0000   24  14 0.00  0.1  0.0 0.0 0.0 0,2026-01-04,Vitória da Conquista (BA),152,860,0,24,14,0.00,0.1,0.0,0.0,0.0,0
154 0.016 0000  222  58 0.00  0.1  0.0 0.0 0.0 0,2026-01-04,Vitória da Conquista (BA),154,16,0,222,58,0.00,0.1,0.0,0.0,0.0,0
161 0.472 0000   30  37 0.00  0.1  0.0 0.0 0.0 0,2026-01-04,Vitória da Conquista (BA),161,472,0,30,37,0.00,0.1,0.0,0.0,0.0,0
164 0.020 0000  219  53 0.00  0.1  0.0 0.0 0.0 0,2026-01-04,Vitória da Conquista (BA),164,20,0,219,53,0.00,0.1,0.0,0.0,0.0,0
165 1.031 0000  281  19 0.00  0.1  0.0 0.0 0.0 0,2026-01-04,Vitória da Conquista (BA),165,1.031,0,281,19,0.00,0.1,0.0,0.0,0.0,0
166 0.014 0000  155  33 0.00  0.1  0.0 0.0 0.0 0,2026-01-04,Vitória da Conquista (BA),166,14,0,155,33,0.00,0.1,0.0,0.0,0.0,0
173 0.023 0000  217  31 0.00  0.1  0.0 0.0 0.0 0,2026-01-04,Vitória da Conquista (BA),173,23,0,217,31,0.00,0.1,0.0,0.0,0.0,0
174 0.103 0000  359  11 0.00  0.1  0.0 0.0 0.0 0,2026-01-04,Vitória da Conquista (BA),174,103,0,359,11,0.00,0.1,0.0,0.0,0.0,0
175 0.069 0000   95   9 0.00  0.1  0.0 0.0 0.0 0,2026-01-04,Vitória da Conquista (BA),175,69,0,95,9,0.00,0.1,0.0,0.0,0.0,0
224 0.014 0000  300  85 0.00  0.1  0.0 0.0 0.0 0,2026-01-04,Vitória da Conquista (BA),224,14,0,300,85,0.00,0.1,0.0,0.0,0.0,0
226 0.800 0000   50  19 0.00  0.1  0.0 0.0 0.0 0,2026-01-04,Vitória da Conquista (BA),226,800,0,50,19,0.00,0.1,0.0,0.0,0.0,0
10 0.019 0000  249  60 0.00  0.1  0.0 0.0 0.0 0,2026-01-23,Vitória da Conquista (BA),10,19,0,249,60,0.00,0.1,0.0,0.0,0.0,0
15 0.060 0000  138  10 0.00  0.1  0.0 0.0 0.0 0,2026-01-23,Vitória da Conquista (BA),15,60,0,138,10,0.00,0.1,0.0,0.0,0.0,0
16 0.046 0000  252  29 0.00  0.1  0.0 0.0 0.0 0,2026-01-23,Vitória da Conquista (BA),16,46,0,252,29,0.00,0.1,0.0,0.0,0.0,0
18 0.000 0000  142  34 0.00  0.1  0.0 0.0 0.0 0,2026-01-23,Vitória da Conquista (BA),18,0,0,142,34,0.00,0.1,0.0,0.0,0.0,0
23 0.000 0000  172  47 0.00  0.1  0.0 0.0 0.0 0,2026-01-23,Vitória da Conquista (BA),23,0,0,172,47,0.00,0.1,0.0,0.0,0.0,0
25 0.707 0000   21   1 0.00  0.1  0.0 0.0 0.0 0,2026-01-23,Vitória da Conquista (BA),25,707,0,21,1,0.00,0.1,0.0,0.0,0.0,0
26 0.061 0000  294  33 0.00  0.1  0.0 0.0 0.0 0,2026-01-23,Vitória da Conquista (BA),26,61,0,294,33,0.00,0.1,0.0,0.0,0.0,0
27 0.039 0000  215  17 0.00  0.1  0.0 0.0 0.0 0,2026-01-23,Vitória da Conquista (BA),27,39,0,215,17,0.00,0.1,0.0,0.0,0.0,0
28 0.000 0000  344   3 0.00  0.1  0.0 0.0 0.0 0,2026-01-23,Vitória da Conquista (BA),28,0,0,344,3,0.00,0.1,0.0,0.0,0.0,0
29 0.030 0000   52  32 0.00  0.1  0.0 0.0 0.0 0,2026-01-23,Vitória da Conquista (BA),29,30,0,52,32,0.00,0.1,0.0,0.0,0.0,0
32 0.035 0000  359  36 0.00  0.1  0.0 0.0 0.0 0,2026-01-23,Vitória da Conquista (BA),32,35,0,359,36,0.00,0.1,0.0,0.0,0.0,0
38 0.351 0000  338   3 0.00  0.1  0.0 0.0 0.0 0,2026-01-23,Vitória da Conquista (BA),38,351,0,338,3,0.00,0.1,0.0,0.0,0.0,0
43 0.059 0000  153   7 0.00  0.1  0.0 0.0 0.0 0,2026-01-23,Vitória da Conquista (BA),43,59,0,153,7,0.00,0.1,0.0,0.0,0.0,0
44 0.000 0000  130  64 0.00  0.1  0.0 0.0 0.0 0,2026-01-23,Vitória da Conquista (BA),44,0,0,130,64,0.00,0.1,0.0,0.0,0.0,0
45 0.017 0000  354  53 0.00  0.1  0.0 0.0 0.0 0,2026-01-23,Vitória da Conquista (BA),45,17,0,354,53,0.00,0.1,0.0,0.0,0.0,0
48 0.175 0000  339  10 0.00  0.1  0.0 0.0 0.0 0,2026-01-23,Vitória da Conquista (BA),48,175,0,339,10,0.00,0.1,0.0,0.0,0.0,0
49 0.086 0000  284  18 0.00  0.1  0.0 0.0 0.0 0,2026-01-23,Vitória da Conquista (BA),49,86,0,284,18,0.00,0.1,0.0,0.0,0.0,0
50 0.048 0000  241   6 0.00  0.1  0.0 0.0 0.0 0,2026-01-23,Vitória da Conquista (BA),50,48,0,241,6,0.00,0.1,0.0,0.0,0.0,0
58 0.017 0000  104  25 0.00  0.1  0.0 0.0 0.0 0,2026-01-23,Vitória da Conquista (BA),58,17,0,104,25,0.00,0.1,0.0,0.0,0.0,0
59 0.031 0000  175  32 0.00  0.1  0.0 0.0 0.0 0,2026-01-23,Vitória da Conquista (BA),59,31,0,175,32,0.00,0.1,0.0,0.0,0.0,0
60 0.065 0000  212  10 0.00  0.1  0.0 0.0 0.0 0,2026-01-23,Vitória da Conquista (BA),60,65,0,212,10,0.00,0.1,0.0,0.0,0.0,0
72 0.032 0000  276  47 0.00  0.1  0.0 0.0 0.0 0,2026-01-23,Vitória da Conquista (BA),72,32,0,276,47,0.00,0.1,0.0,0.0,0.0,0
73 0.120 0000  343   8 0.00  0.1  0.0 0.0 0.0 0,2026-01-23,Vitória da Conquista (BA),73,120,0,343,8,0.00,0.1,0.0,0.0,0.0,0
74 0.111 0000  137   5 0.00  0.1  0.0 0.0 0.0 0,2026-01-23,Vitória da Conquista (BA),74,111,0,137,5,0.00,0.1,0.0,0.0,0.0,0
75 0.010 0000   24  43 0.00  0.1  0.0 0.0 0.0 0,2026-01-23,Vitória da Conquista (BA),75,10,0,24,43,0.00,0.1,0.0,0.0,0.0,0
76 0.000 0000  121  23 0.00  0.1  0.0 0.0 0.0 0,2026-01-23,Vitória da Conquista (BA),76,0,0,121,23,0.00,0.1,0.0,0.0,0.0,0
79 0.028 0000   99  40 0.00  0.1  0.0 0.0 0.0 0,2026-01-23,Vitória da Conquista (BA),79,28,0,99,40,0.00,0.1,0.0,0.0,0.0,0
81 0.029 0000  121  17 0.00  0.1  0.0 0.0 0.0 0,2026-01-23,Vitória da Conquista (BA),81,29,0,121,17,0.00,0.1,0.0,0.0,0.0,0
95 0.034 0000  351  36 0.00  0.1  0.0 0.0 0.0 0,2026-01-23,Vitória da Conquista (BA),95,34,0,351,36,0.00,0.1,0.0,0.0,0.0,0
100 0.078 0000  229  13 0.00  0.1  0.0 0.0 0.0 0,2026-01-23,Vitória da Conquista (BA),100,78,0,229,13,0.00,0.1,0.0,0.0,0.0,0
104 0.035 0000  231  24 0.00  0.1  0.0 0.0 0.0 0,2026-01-23,Vitória da Conquista (BA),104,35,0,231,24,0.00,0.1,0.0,0.0,0.0,0
106 0.000 0000  173  37 0.00  0.1  0.0 0.0 0.0 0,2026-01-23,Vitória da Conquista (BA),106,0,0,173,37,0.00,0.1,0.0,0.0,0.0,0
121 0.047 0000   70  46 0.00  0.1  0.0 0.0 0.0 0,2026-01-23,Vitória da Conquista (BA),121,47,0,70,46,0.00,0.1,0.0,0.0,0.0,0
123 0.149 0000   83  16 0.00  0.1  0.0 0.0 0.0 0,2026-01-23,Vitória da Conquista (BA),123,149,0,83,16,0.00,0.1,0.0,0.0,0.0,0
136 0.073 0000   76  35 0.00  0.1  0.0 0.0 0.0 0,2026-01-23,Vitória da Conquista (BA),136,73,0,76,35,0.00,0.1,0.0,0.0,0.0,0
159 0.011 0000  139  63 0.00  0.1  0.0 0.0 0.0 0,2026-01-23,Vitória da Conquista (BA),159,11,0,139,63,0.00,0.1,0.0,0.0,0.0,0
160 0.019 0000  145  15 0.00  0.1  0.0 0.0 0.0 0,2026-01-23,Vitória da Conquista (BA),160,19,0,145,15,0.00,0.1,0.0,0.0,0.0,0
161 0.058 0000  327   8 0.00  0.1  0.0 0.0 0.0 0,2026-01-23,Vitória da Conquista (BA),161,58,0,327,8,0.00,0.1,0.0,0.0,0.0,0
162 0.017 0000  332  59 0.00  0.1  0.0 0.0 0.0 0,2026-01-23,Vitória da Conquista (BA),162,17,0,332,59,0.00,0.1,0.0,0.0,0.0,0
166 0.092 0000  284  10 0.00  0.1  0.0 0.0 0.0 0,2026-01-23,Vitória da Conquista (BA),166,92,0,284,10,0.00,0.1,0.0,0.0,0.0,0
169 0.012 0000   95  42 0.00  0.1  0.0 0.0 0.0 0,2026-01-23,Vitória da Conquista (BA),169,12,0,95,42,0.00,0.1,0.0,0.0,0.0,0
170 0.096 0000   63   3 0.00  0.1  0.0 0.0 0.0 0,2026-01-23,Vitória da Conquista (BA),170,96,0,63,3,0.00,0.1,0.0,0.0,0.0,0
175 0.000 0000  186  47 0.00  0.1  0.0 0.0 0.0 0,2026-01-23,Vitória da Conquista (BA),175,0,0,186,47,0.00,0.1,0.0,0.0,0.0,0
176 0.352 0000   22   1 0.00  0.1  0.0 0.0 0.0 0,2026-01-23,Vitória da Conquista (BA),176,352,0,22,1,0.00,0.1,0.0,0.0,0.0,0
226 0.071 0000  221  12 0.00  0.1  0.0 0.0 0.0 0,2026-01-23,Vitória da Conquista (BA),226,71,0,221,12,0.00,0.1,0.0,0.0,0.0,0
227 0.057 0000  339  15 0.00  0.1  0.0 0.0 0.0 0,2026-01-23,Vitória da Conquista (BA),227,57,0,339,15,0.00,0.1,0.0,0.0,0.0,0
5 0.245 0000  258  18 0.00  0.1  0.0 0.0 0.0 0,2026-01-24,Vitória da Conquista (BA),5,245,0,258,18,0.00,0.1,0.0,0.0,0.0,0
6 0.080 0000  353   4 0.00  0.1  0.0 0.0 0.0 0,2026-01-24,Vitória da Conquista (BA),6,80,0,353,4,0.00,0.1,0.0,0.0,0.0,0
7 0.093 0000  117  31 0.00  0.1  0.0 0.0 0.0 0,2026-01-24,Vitória da Conquista (BA),7,93,0,117,31,0.00,0.1,0.0,0.0,0.0,0
9 0.000 0000   37  29 0.00  0.1  0.0 0.0 0.0 0,2026-01-24,Vitória da Conquista (BA),9,0,0,37,29,0.00,0.1,0.0,0.0,0.0,0
13 0.000 0000  213  20 0.00  0.1  0.0 0.0 0.0 0,2026-01-24,Vitória da Conquista (BA),13,0,0,213,20,0.00,0.1,0.0,0.0,0.0,0
14 0.000 0000  199  57 0.00  0.1  0.0 0.0 0.0 0,2026-01-24,Vitória da Conquista (BA),14,0,0,199,57,0.00,0.1,0.0,0.0,0.0,0
17 0.000 0000   18  54 0.00  0.1  0.0 0.0 0.0 0,2026-01-24,Vitória da Conquista (BA),17,0,0,18,54,0.00,0.1,0.0,0.0,0.0,0
19 0.043 0000  356  36 0.00  0.1  0.0 0.0 0.0 0,2026-01-24,Vitória da Conquista (BA),19,43,0,356,36,0.00,0.1,0.0,0.0,0.0,0
21 0.140 0000  288  31 0.00  0.1  0.0 0.0 0.0 0,2026-01-24,Vitória da Conquista (BA),21,140,0,288,31,0.00,0.1,0.0,0.0,0.0,0
22 0.037 0000  241  60 0.00  0.1  0.0 0.0 0.0 0,2026-01-24,Vitória da Conquista (BA),22,37,0,241,60,0.00,0.1,0.0,0.0,0.0,0
30 0.016 0000  156  44 0.00  0.1  0.0 0.0 0.0 0,2026-01-24,Vitória da Conquista (BA),30,16,0,156,44,0.00,0.1,0.0,0.0,0.0,0
41 0.020 0000   11  40 0.00  0.1  0.0 0.0 0.0 0,2026-01-24,Vitória da Conquista (BA),41,20,0,11,40,0.00,0.1,0.0,0.0,0.0,0
42 0.016 0000  267  76 0.00  0.1  0.0 0.0 0.0 0,2026-01-24,Vitória da Conquista (BA),42,16,0,267,76,0.00,0.1,0.0,0.0,0.0,0
43 0.033 0000  212  28 0.00  0.1  0.0 0.0 0.0 0,2026-01-24,Vitória da Conquista (BA),43,33,0,212,28,0.00,0.1,0.0,0.0,0.0,0
46 0.103 0000  278   6 0.00  0.1  0.0 0.0 0.0 0,2026-01-24,Vitória da Conquista (BA),46,103,0,278,6,0.00,0.1,0.0,0.0,0.0,0
52 0.030 0000  168  25 0.00  0.1  0.0 0.0 0.0 0,2026-01-24,Vitória da Conquista (BA),52,30,0,168,25,0.00,0.1,0.0,0.0,0.0,0
53 0.036 0000  230  33 0.00  0.1  0.0 0.0 0.0 0,2026-01-24,Vitória da Conquista (BA),53,36,0,230,33,0.00,0.1,0.0,0.0,0.0,0
54 0.043 0000   91  18 0.00  0.1  0.0 0.0 0.0 0,2026-01-24,Vitória da Conquista (BA),54,43,0,91,18,0.00,0.1,0.0,0.0,0.0,0
55 0.062 0000   43  17 0.00  0.1  0.0 0.0 0.0 0,2026-01-24,Vitória da Conquista (BA),55,62,0,43,17,0.00,0.1,0.0,0.0,0.0,0
77 0.025 0000  100  76 0.00  0.1  0.0 0.0 0.0 0,2026-01-24,Vitória da Conquista (BA),77,25,0,100,76,0.00,0.1,0.0,0.0,0.0,0
78 0.019 0000   47  28 0.00  0.1  0.0 0.0 0.0 0,2026-01-24,Vitória da Conquista (BA),78,19,0,47,28,0.00,0.1,0.0,0.0,0.0,0
83 0.713 0000    5   6 0.00  0.1  0.0 0.0 0.0 0,2026-01-24,Vitória da Conquista (BA),83,713,0,5,6,0.00,0.1,0.0,0.0,0.0,0
85 0.158 0000   53   3 0.00  0.1  0.0 0.0 0.0 0,2026-01-24,Vitória da Conquista (BA),85,158,0,53,3,0.00,0.1,0.0,0.0,0.0,0
91 0.035 0000  293  35 0.00  0.1  0.0 0.0 0.0 0,2026-01-24,Vitória da Conquista (BA),91,35,0,293,35,0.00,0.1,0.0,0.0,0.0,0
97 0.000 0000  211  65 0.00  0.1  0.0 0.0 0.0 0,2026-01-24,Vitória da Conquista (BA),97,0,0,211,65,0.00,0.1,0.0,0.0,0.0,0
99 0.015 0000  209  39 0.00  0.1  0.0 0.0 0.0 0,2026-01-24,Vitória da Conquista (BA),99,15,0,209,39,0.00,0.1,0.0,0.0,0.0,0
100 0.013 0000  150  28 0.00  0.1  0.0 0.0 0.0 0,2026-01-24,Vitória da Conquista (BA),100,13,0,150,28,0.00,0.1,0.0,0.0,0.0,0
121 0.028 0000   70  46 0.00  0.1  0.0 0.0 0.0 0,2026-01-24,Vitória da Conquista (BA),121,28,0,70,46,0.00,0.1,0.0,0.0,0.0,0
123 0.000 0000   83  16 0.00  0.1  0.0 0.0 0.0 0,2026-01-24,Vitória da Conquista (BA),123,0,0,83,16,0.00,0.1,0.0,0.0,0.0,0
136 0.081 0000   76  35 0.00  0.1  0.0 0.0 0.0 0,2026-01-24,Vitória da Conquista (BA),136,81,0,76,35,0.00,0.1,0.0,0.0,0.0,0
151 0.037 0000   62  32 0.00  0.1  0.0 0.0 0.0 0,2026-01-24,Vitória da Conquista (BA),151,37,0,62,32,0.00,0.1,0.0,0.0,0.0,0
163 0.049 0000  236  34 0.00  0.1  0.0 0.0 0.0 0,2026-01-24,Vitória da Conquista (BA),163,49,0,236,34,0.00,0.1,0.0,0.0,0.0,0
164 0.069 0000  122   7 0.00  0.1  0.0 0.0 0.0 0,2026-01-24,Vitória da Conquista (BA),164,69,0,122,7,0.00,0.1,0.0,0.0,0.0,0
165 0.020 0000  173  40 0.00  0.1  0.0 0.0 0.0 0,2026-01-24,Vitória da Conquista (BA),165,20,0,173,40,0.00,0.1,0.0,0.0,0.0,0
168 0.711 0000  340   2 0.00  0.1  0.0 0.0 0.0 0,2026-01-24,Vitória da Conquista (BA),168,711,0,340,2,0.00,0.1,0.0,0.0,0.0,0
172 0.056 0000  222  16 0.00  0.1  0.0 0.0 0.0 0,2026-01-24,Vitória da Conquista (BA),172,56,0,222,16,0.00,0.1,0.0,0.0,0.0,0
173 0.020 0000    0  44 0.00  0.1  0.0 0.0 0.0 0,2026-01-24,Vitória da Conquista (BA),173,20,0,0,44,0.00,0.1,0.0,0.0,0.0,0
174 0.038 0000   93  29 0.00  0.1  0.0 0.0 0.0 0,2026-01-24,Vitória da Conquista (BA),174,38,0,93,29,0.00,0.1,0.0,0.0,0.0,0
177 0.303 0000  274   1 0.00  0.1  0.0 0.0 0.0 0,2026-01-24,Vitória da Conquista (BA),177,303,0,274,1,0.00,0.1,0.0,0.0,0.0,0
223 0.011 0000  270  60 0.00  0.1  0.0 0.0 0.0 0,2026-01-24,Vitória da Conquista (BA),223,11,0,270,60,0.00,0.1,0.0,0.0,0.0,0
225 0.017 0000   28  33 0.00  0.1  0.0 0.0 0.0 0,2026-01-24,Vitória da Conquista (BA),225,17,0,28,33,0.00,0.1,0.0,0.0,0.0,0
5 0.000 0000  260  18 0.00  0.1  0.0 0.0 0.0 0,2026-01-25,Vitória da Conquista (BA),5,0,0,260,18,0.00,0.1,0.0,0.0,0.0,0
6 0.762 0000  354   4 0.00  0.1  0.0 0.0 0.0 0,2026-01-25,Vitória da Conquista (BA),6,762,0,354,4,0.00,0.1,0.0,0.0,0.0,0
7 0.056 0000  115  30 0.00  0.1  0.0 0.0 0.0 0,2026-01-25,Vitória da Conquista (BA),7,56,0,115,30,0.00,0.1,0.0,0.0,0.0,0
9 0.476 0000   36  28 0.00  0.1  0.0 0.0 0.0 0,2026-01-25,Vitória da Conquista (BA),9,476,0,36,28,0.00,0.1,0.0,0.0,0.0,0
13 0.000 0000  213  22 0.00  0.1  0.0 0.0 0.0 0,2026-01-25,Vitória da Conquista (BA),13,0,0,213,22,0.00,0.1,0.0,0.0,0.0,0
14 0.000 0000  197  56 0.00  0.1  0.0 0.0 0.0 0,2026-01-25,Vitória da Conquista (BA),14,0,0,197,56,0.00,0.1,0.0,0.0,0.0,0
17 0.025 0000   20  56 0.00  0.1  0.0 0.0 0.0 0,2026-01-25,Vitória da Conquista (BA),17,25,0,20,56,0.00,0.1,0.0,0.0,0.0,0
19 0.188 0000  357  38 0.00  0.1  0.0 0.0 0.0 0,2026-01-25,Vitória da Conquista (BA),19,188,0,357,38,0.00,0.1,0.0,0.0,0.0,0
21 0.059 0000  290  31 0.00  0.1  0.0 0.0 0.0 0,2026-01-25,Vitória da Conquista (BA),21,59,0,290,31,0.00,0.1,0.0,0.0,0.0,0
22 0.000 0000  237  59 0.00  0.1  0.0 0.0 0.0 0,2026-01-25,Vitória da Conquista (BA),22,0,0,237,59,0.00,0.1,0.0,0.0,0.0,0
30 0.034 0000  154  44 0.00  0.1  0.0 0.0 0.0 0,2026-01-25,Vitória da Conquista (BA),30,34,0,154,44,0.00,0.1,0.0,0.0,0.0,0
42 0.518 0000   12  35 0.00  0.1  0.0 0.0 0.0 0,2026-01-25,Vitória da Conquista (BA),42,518,0,12,35,0.00,0.1,0.0,0.0,0.0,0
43 0.011 0000  284  75 0.00  0.1  0.0 0.0 0.0 0,2026-01-25,Vitória da Conquista (BA),43,11,0,284,75,0.00,0.1,0.0,0.0,0.0,0
44 0.022 0000  212  24 0.00  0.1  0.0 0.0 0.0 0,2026-01-25,Vitória da Conquista (BA),44,22,0,212,24,0.00,0.1,0.0,0.0,0.0,0
46 0.026 0000  230  32 0.00  0.1  0.0 0.0 0.0 0,2026-01-25,Vitória da Conquista (BA),46,26,0,230,32,0.00,0.1,0.0,0.0,0.0,0
47 0.205 0000  274  10 0.00  0.1  0.0 0.0 0.0 0,2026-01-25,Vitória da Conquista (BA),47,205,0,274,10,0.00,0.1,0.0,0.0,0.0,0
53 0.053 0000  167  24 0.00  0.1  0.0 0.0 0.0 0,2026-01-25,Vitória da Conquista (BA),53,53,0,167,24,0.00,0.1,0.0,0.0,0.0,0
55 0.068 0000   98  16 0.00  0.1  0.0 0.0 0.0 0,2026-01-25,Vitória da Conquista (BA),55,68,0,98,16,0.00,0.1,0.0,0.0,0.0,0
56 0.048 0000   45  18 0.00  0.1  0.0 0.0 0.0 0,2026-01-25,Vitória da Conquista (BA),56,48,0,45,18,0.00,0.1,0.0,0.0,0.0,0
72 0.022 0000  258  60 0.00  0.1  0.0 0.0 0.0 0,2026-01-25,Vitória da Conquista (BA),72,22,0,258,60,0.00,0.1,0.0,0.0,0.0,0
73 0.014 0000  184  72 0.00  0.1  0.0 0.0 0.0 0,2026-01-25,Vitória da Conquista (BA),73,14,0,184,72,0.00,0.1,0.0,0.0,0.0,0
75 0.000 0000   52  48 0.00  0.1  0.0 0.0 0.0 0,2026-01-25,Vitória da Conquista (BA),75,0,0,52,48,0.00,0.1,0.0,0.0,0.0,0
78 0.000 0000  213  21 0.00  0.1  0.0 0.0 0.0 0,2026-01-25,Vitória da Conquista (BA),78,0,0,213,21,0.00,0.1,0.0,0.0,0.0,0
95 0.022 0000  161  43 0.00  0.1  0.0 0.0 0.0 0,2026-01-25,Vitória da Conquista (BA),95,22,0,161,43,0.00,0.1,0.0,0.0,0.0,0
100 0.058 0000  302  17 0.00  0.1  0.0 0.0 0.0 0,2026-01-25,Vitória da Conquista (BA),100,58,0,302,17,0.00,0.1,0.0,0.0,0.0,0
104 0.185 0000  348   4 0.00  0.1  0.0 0.0 0.0 0,2026-01-25,Vitória da Conquista (BA),104,185,0,348,4,0.00,0.1,0.0,0.0,0.0,0
106 0.142 0000   35   6 0.00  0.1  0.0 0.0 0.0 0,2026-01-25,Vitória da Conquista (BA),106,142,0,35,6,0.00,0.1,0.0,0.0,0.0,0
121 0.000 0000   70  46 0.00  0.1  0.0 0.0 0.0 0,2026-01-25,Vitória da Conquista (BA),121,0,0,70,46,0.00,0.1,0.0,0.0,0.0,0
123 0.079 0000   83  16 0.00  0.1  0.0 0.0 0.0 0,2026-01-25,Vitória da Conquista (BA),123,79,0,83,16,0.00,0.1,0.0,0.0,0.0,0
136 0.038 0000   76  35 0.00  0.1  0.0 0.0 0.0 0,2026-01-25,Vitória da Conquista (BA),136,38,0,76,35,0.00,0.1,0.0,0.0,0.0,0
151 0.980 0000    1  16 0.00  0.1  0.0 0.0 0.0 0,2026-01-25,Vitória da Conquista (BA),151,980,0,1,16,0.00,0.1,0.0,0.0,0.0,0
154 0.011 0000  311  62 0.00  0.1  0.0 0.0 0.0 0,2026-01-25,Vitória da Conquista (BA),154,11,0,311,62,0.00,0.1,0.0,0.0,0.0,0
161 0.363 0000   24   5 0.00  0.1  0.0 0.0 0.0 0,2026-01-25,Vitória da Conquista (BA),161,363,0,24,5,0.00,0.1,0.0,0.0,0.0,0
164 0.020 0000  173  41 0.00  0.1  0.0 0.0 0.0 0,2026-01-25,Vitória da Conquista (BA),164,20,0,173,41,0.00,0.1,0.0,0.0,0.0,0
165 0.031 0000  244  27 0.00  0.1  0.0 0.0 0.0 0,2026-01-25,Vitória da Conquista (BA),165,31,0,244,27,0.00,0.1,0.0,0.0,0.0,0
166 0.067 0000  128  16 0.00  0.1  0.0 0.0 0.0 0,2026-01-25,Vitória da Conquista (BA),166,67,0,128,16,0.00,0.1,0.0,0.0,0.0,0
173 0.017 0000  257  54 0.00  0.1  0.0 0.0 0.0 0,2026-01-25,Vitória da Conquista (BA),173,17,0,257,54,0.00,0.1,0.0,0.0,0.0,0
174 1.051 0000   24  32 0.00  0.1  0.0 0.0 0.0 0,2026-01-25,Vitória da Conquista (BA),174,1.051,0,24,32,0.00,0.1,0.0,0.0,0.0,0
175 0.114 0000  127   6 0.00  0.1  0.0 0.0 0.0 0,2026-01-25,Vitória da Conquista (BA),175,114,0,127,6,0.00,0.1,0.0,0.0,0.0,0
223 0.070 0000  222  13 0.00  0.1  0.0 0.0 0.0 0,2026-01-25,Vitória da Conquista (BA),223,70,0,222,13,0.00,0.1,0.0,0.0,0.0,0
224 0.014 0000  356  46 0.00  0.1  0.0 0.0 0.0 0,2026-01-25,Vitória da Conquista (BA),224,14,0,356,46,0.00,0.1,0.0,0.0,0.0,0
225 0.468 0000  339   2 0.00  0.1  0.0 0.0 0.0 0,2026-01-25,Vitória da Conquista (BA),225,468,0,339,2,0.00,0.1,0.0,0.0,0.0,0
226 0.031 0000   88  32 0.00  0.1  0.0 0.0 0.0 0,2026-01-25,Vitória da Conquista (BA),226,31,0,88,32,0.00,0.1,0.0,0.0,0.0,0
5 1.085 0000  262  18 0.00  0.1  0.0 0.0 0.0 0,2026-01-26,Vitória da Conquista (BA),5,1.085,0,262,18,0.00,0.1,0.0,0.0,0.0,0
6 0.204 0000  356   5 0.00  0.1  0.0 0.0 0.0 0,2026-01-26,Vitória da Conquista (BA),6,204,0,356,5,0.00,0.1,0.0,0.0,0.0,0
7 0.000 0000  113  30 0.00  0.1  0.0 0.0 0.0 0,2026-01-26,Vitória da Conquista (BA),7,0,0,113,30,0.00,0.1,0.0,0.0,0.0,0
9 0.000 0000   35  26 0.00  0.1  0.0 0.0 0.0 0,2026-01-26,Vitória da Conquista (BA),9,0,0,35,26,0.00,0.1,0.0,0.0,0.0,0
13 0.000 0000  213  24 0.00  0.1  0.0 0.0 0.0 0,2026-01-26,Vitória da Conquista (BA),13,0,0,213,24,0.00,0.1,0.0,0.0,0.0,0
14 0.000 0000  194  55 0.00  0.1  0.0 0.0 0.0 0,2026-01-26,Vitória da Conquista (BA),14,0,0,194,55,0.00,0.1,0.0,0.0,0.0,0
17 0.023 0000   21  58 0.00  0.1  0.0 0.0 0.0 0,2026-01-26,Vitória da Conquista (BA),17,23,0,21,58,0.00,0.1,0.0,0.0,0.0,0
19 1.017 0000  357  39 0.00  0.1  0.0 0.0 0.0 0,2026-01-26,Vitória da Conquista (BA),19,1.017,0,357,39,0.00,0.1,0.0,0.0,0.0,0
21 0.069 0000  292  30 0.00  0.1  0.0 0.0 0.0 0,2026-01-26,Vitória da Conquista (BA),21,69,0,292,30,0.00,0.1,0.0,0.0,0.0,0
22 0.000 0000  233  59 0.00  0.1  0.0 0.0 0.0 0,2026-01-26,Vitória da Conquista (BA),22,0,0,233,59,0.00,0.1,0.0,0.0,0.0,0
30 0.000 0000  151  44 0.00  0.1  0.0 0.0 0.0 0,2026-01-26,Vitória da Conquista (BA),30,0,0,151,44,0.00,0.1,0.0,0.0,0.0,0
43 0.145 0000   11  31 0.00  0.1  0.0 0.0 0.0 0,2026-01-26,Vitória da Conquista (BA),43,145,0,11,31,0.00,0.1,0.0,0.0,0.0,0
44 0.000 0000  269  72 0.00  0.1  0.0 0.0 0.0 0,2026-01-26,Vitória da Conquista (BA),44,0,0,269,72,0.00,0.1,0.0,0.0,0.0,0
45 0.056 0000  213  26 0.00  0.1  0.0 0.0 0.0 0,2026-01-26,Vitória da Conquista (BA),45,56,0,213,26,0.00,0.1,0.0,0.0,0.0,0
46 0.041 0000  166  25 0.00  0.1  0.0 0.0 0.0 0,2026-01-26,Vitória da Conquista (BA),46,41,0,166,25,0.00,0.1,0.0,0.0,0.0,0
47 0.026 0000  222  33 0.00  0.1  0.0 0.0 0.0 0,2026-01-26,Vitória da Conquista (BA),47,26,0,222,33,0.00,0.1,0.0,0.0,0.0,0
48 0.493 0000  272  11 0.00  0.1  0.0 0.0 0.0 0,2026-01-26,Vitória da Conquista (BA),48,493,0,272,11,0.00,0.1,0.0,0.0,0.0,0
56 0.060 0000  100  16 0.00  0.1  0.0 0.0 0.0 0,2026-01-26,Vitória da Conquista (BA),56,60,0,100,16,0.00,0.1,0.0,0.0,0.0,0
57 0.056 0000   47  19 0.00  0.1  0.0 0.0 0.0 0,2026-01-26,Vitória da Conquista (BA),57,56,0,47,19,0.00,0.1,0.0,0.0,0.0,0
58 0.266 0000    4   2 0.00  0.1  0.0 0.0 0.0 0,2026-01-26,Vitória da Conquista (BA),58,266,0,4,2,0.00,0.1,0.0,0.0,0.0,0
74 0.019 0000   64  68 0.00  0.1  0.0 0.0 0.0 0,2026-01-26,Vitória da Conquista (BA),74,19,0,64,68,0.00,0.1,0.0,0.0,0.0,0
75 0.173 0000  217   4 0.00  0.1  0.0 0.0 0.0 0,2026-01-26,Vitória da Conquista (BA),75,173,0,217,4,0.00,0.1,0.0,0.0,0.0,0
76 0.016 0000  171  77 0.00  0.1  0.0 0.0 0.0 0,2026-01-26,Vitória da Conquista (BA),76,16,0,171,77,0.00,0.1,0.0,0.0,0.0,0
79 0.027 0000  204  53 0.00  0.1  0.0 0.0 0.0 0,2026-01-26,Vitória da Conquista (BA),79,27,0,204,53,0.00,0.1,0.0,0.0,0.0,0
80 0.315 0000  354   5 0.00  0.1  0.0 0.0 0.0 0,2026-01-26,Vitória da Conquista (BA),80,315,0,354,5,0.00,0.1,0.0,0.0,0.0,0
82 0.471 0000   16   7 0.00  0.1  0.0 0.0 0.0 0,2026-01-26,Vitória da Conquista (BA),82,471,0,16,7,0.00,0.1,0.0,0.0,0.0,0
89 0.081 0000   43  14 0.00  0.1  0.0 0.0 0.0 0,2026-01-26,Vitória da Conquista (BA),89,81,0,43,14,0.00,0.1,0.0,0.0,0.0,0
93 0.059 0000  145  17 0.00  0.1  0.0 0.0 0.0 0,2026-01-26,Vitória da Conquista (BA),93,59,0,145,17,0.00,0.1,0.0,0.0,0.0,0
95 0.432 0000  307   2 0.00  0.1  0.0 0.0 0.0 0,2026-01-26,Vitória da Conquista (BA),95,432,0,307,2,0.00,0.1,0.0,0.0,0.0,0
101 0.015 0000  185  58 0.00  0.1  0.0 0.0 0.0 0,2026-01-26,Vitória da Conquista (BA),101,15,0,185,58,0.00,0.1,0.0,0.0,0.0,0
121 0.000 0000   70  46 0.00  0.1  0.0 0.0 0.0 0,2026-01-26,Vitória da Conquista (BA),121,0,0,70,46,0.00,0.1,0.0,0.0,0.0,0
123 0.026 0000   83  16 0.00  0.1  0.0 0.0 0.0 0,2026-01-26,Vitória da Conquista (BA),123,26,0,83,16,0.00,0.1,0.0,0.0,0.0,0
136 0.038 0000   76  35 0.00  0.1  0.0 0.0 0.0 0,2026-01-26,Vitória da Conquista (BA),136,38,0,76,35,0.00,0.1,0.0,0.0,0.0,0
152 0.694 0000  356  14 0.00  0.1  0.0 0.0 0.0 0,2026-01-26,Vitória da Conquista (BA),152,694,0,356,14,0.00,0.1,0.0,0.0,0.0,0
154 0.046 0000  230  28 0.00  0.1  0.0 0.0 0.0 0,2026-01-26,Vitória da Conquista (BA),154,46,0,230,28,0.00,0.1,0.0,0.0,0.0,0
161 0.027 0000  346  52 0.00  0.1  0.0 0.0 0.0 0,2026-01-26,Vitória da Conquista (BA),161,27,0,346,52,0.00,0.1,0.0,0.0,0.0,0
162 0.675 0000   21  10 0.00  0.1  0.0 0.0 0.0 0,2026-01-26,Vitória da Conquista (BA),162,675,0,21,10,0.00,0.1,0.0,0.0,0.0,0
164 0.041 0000  245  27 0.00  0.1  0.0 0.0 0.0 0,2026-01-26,Vitória da Conquista (BA),164,41,0,245,27,0.00,0.1,0.0,0.0,0.0,0
166 0.008 0000  188  42 0.00  0.1  0.0 0.0 0.0 0,2026-01-26,Vitória da Conquista (BA),166,8,0,188,42,0.00,0.1,0.0,0.0,0.0,0
169 0.113 0000  127   6 0.00  0.1  0.0 0.0 0.0 0,2026-01-26,Vitória da Conquista (BA),169,113,0,127,6,0.00,0.1,0.0,0.0,0.0,0
173 0.071 0000  219   6 0.00  0.1  0.0 0.0 0.0 0,2026-01-26,Vitória da Conquista (BA),173,71,0,219,6,0.00,0.1,0.0,0.0,0.0,0
175 0.033 0000   76  36 0.00  0.1  0.0 0.0 0.0 0,2026-01-26,Vitória da Conquista (BA),175,33,0,76,36,0.00,0.1,0.0,0.0,0.0,0
224 0.019 0000  253  51 0.00  0.1  0.0 0.0 0.0 0,2026-01-26,Vitória da Conquista (BA),224,19,0,253,51,0.00,0.1,0.0,0.0,0.0,0
226 0.024 0000   18  31 0.00  0.1  0.0 0.0 0.0 0,2026-01-26,Vitória da Conquista (BA),226,24,0,18,31,0.00,0.1,0.0,0.0,0.0,0
227 0.059 0000  129  16 0.00  0.1  0.0 0.0 0.0 0,2026-01-26,Vitória da Conquista (BA),227,59,0,129,16,0.00,0.1,0.0,0.0,0.0,0
5 0.837 0000  264  18 0.00  0.1  0.0 0.0 0.0 0,2026-01-27,Vitória da Conquista (BA),5,837,0,264,18,0.00,0.1,0.0,0.0,0.0,0
6 0.347 0000  357   5 0.00  0.1  0.0 0.0 0.0 0,2026-01-27,Vitória da Conquista (BA),6,347,0,357,5,0.00,0.1,0.0,0.0,0.0,0
7 0.000 0000  111  30 0.00  0.1  0.0 0.0 0.0 0,2026-01-27,Vitória da Conquista (BA),7,0,0,111,30,0.00,0.1,0.0,0.0,0.0,0
9 0.623 0000   35  24 0.00  0.1  0.0 0.0 0.0 0,2026-01-27,Vitória da Conquista (BA),9,623,0,35,24,0.00,0.1,0.0,0.0,0.0,0
13 0.000 0000  213  25 0.00  0.1  0.0 0.0 0.0 0,2026-01-27,Vitória da Conquista (BA),13,0,0,213,25,0.00,0.1,0.0,0.0,0.0,0
14 0.023 0000  191  53 0.00  0.1  0.0 0.0 0.0 0,2026-01-27,Vitória da Conquista (BA),14,23,0,191,53,0.00,0.1,0.0,0.0,0.0,0
15 0.026 0000  217   1 0.00  0.1  0.0 0.0 0.0 0,2026-01-27,Vitória da Conquista (BA),15,26,0,217,1,0.00,0.1,0.0,0.0,0.0,0
17 0.020 0000   23  60 0.00  0.1  0.0 0.0 0.0 0,2026-01-27,Vitória da Conquista (BA),17,20,0,23,60,0.00,0.1,0.0,0.0,0.0,0
19 0.903 0000  358  41 0.00  0.1  0.0 0.0 0.0 0,2026-01-27,Vitória da Conquista (BA),19,903,0,358,41,0.00,0.1,0.0,0.0,0.0,0
21 0.693 0000  294  29 0.00  0.1  0.0 0.0 0.0 0,2026-01-27,Vitória da Conquista (BA),21,693,0,294,29,0.00,0.1,0.0,0.0,0.0,0
22 0.025 0000  229  58 0.00  0.1  0.0 0.0 0.0 0,2026-01-27,Vitória da Conquista (BA),22,25,0,229,58,0.00,0.1,0.0,0.0,0.0,0
30 0.009 0000  149  44 0.00  0.1  0.0 0.0 0.0 0,2026-01-27,Vitória da Conquista (BA),30,9,0,149,44,0.00,0.1,0.0,0.0,0.0,0
38 0.034 0000  215  27 0.00  0.1  0.0 0.0 0.0 0,2026-01-27,Vitória da Conquista (BA),38,34,0,215,27,0.00,0.1,0.0,0.0,0.0,0
44 0.060 0000    8  35 0.00  0.1  0.0 0.0 0.0 0,2026-01-27,Vitória da Conquista (BA),44,60,0,8,35,0.00,0.1,0.0,0.0,0.0,0
45 0.019 0000  280  72 0.00  0.1  0.0 0.0 0.0 0,2026-01-27,Vitória da Conquista (BA),45,19,0,280,72,0.00,0.1,0.0,0.0,0.0,0
47 0.069 0000  161  22 0.00  0.1  0.0 0.0 0.0 0,2026-01-27,Vitória da Conquista (BA),47,69,0,161,22,0.00,0.1,0.0,0.0,0.0,0
48 0.024 0000  218  33 0.00  0.1  0.0 0.0 0.0 0,2026-01-27,Vitória da Conquista (BA),48,24,0,218,33,0.00,0.1,0.0,0.0,0.0,0
49 0.550 0000  272  10 0.00  0.1  0.0 0.0 0.0 0,2026-01-27,Vitória da Conquista (BA),49,550,0,272,10,0.00,0.1,0.0,0.0,0.0,0
57 0.041 0000  102  16 0.00  0.1  0.0 0.0 0.0 0,2026-01-27,Vitória da Conquista (BA),57,41,0,102,16,0.00,0.1,0.0,0.0,0.0,0
58 0.934 0000   52  21 0.00  0.1  0.0 0.0 0.0 0,2026-01-27,Vitória da Conquista (BA),58,934,0,52,21,0.00,0.1,0.0,0.0,0.0,0
77 0.037 0000   46  35 0.00  0.1  0.0 0.0 0.0 0,2026-01-27,Vitória da Conquista (BA),77,37,0,46,35,0.00,0.1,0.0,0.0,0.0,0
83 0.340 0000   47   6 0.00  0.1  0.0 0.0 0.0 0,2026-01-27,Vitória da Conquista (BA),83,340,0,47,6,0.00,0.1,0.0,0.0,0.0,0
89 0.023 0000  211  37 0.00  0.1  0.0 0.0 0.0 0,2026-01-27,Vitória da Conquista (BA),89,23,0,211,37,0.00,0.1,0.0,0.0,0.0,0
91 0.014 0000  229  63 0.00  0.1  0.0 0.0 0.0 0,2026-01-27,Vitória da Conquista (BA),91,14,0,229,63,0.00,0.1,0.0,0.0,0.0,0
93 0.614 0000  294  28 0.00  0.1  0.0 0.0 0.0 0,2026-01-27,Vitória da Conquista (BA),93,614,0,294,28,0.00,0.1,0.0,0.0,0.0,0
96 0.343 0000  359   6 0.00  0.1  0.0 0.0 0.0 0,2026-01-27,Vitória da Conquista (BA),96,343,0,359,6,0.00,0.1,0.0,0.0,0.0,0
97 0.029 0000  153  32 0.00  0.1  0.0 0.0 0.0 0,2026-01-27,Vitória da Conquista (BA),97,29,0,153,32,0.00,0.1,0.0,0.0,0.0,0
99 0.008 0000  138  81 0.00  0.1  0.0 0.0 0.0 0,2026-01-27,Vitória da Conquista (BA),99,8,0,138,81,0.00,0.1,0.0,0.0,0.0,0
121 0.030 0000   70  46 0.00  0.1  0.0 0.0 0.0 0,2026-01-27,Vitória da Conquista (BA),121,30,0,70,46,0.00,0.1,0.0,0.0,0.0,0
123 0.068 0000   83  16 0.00  0.1  0.0 0.0 0.0 0,2026-01-27,Vitória da Conquista (BA),123,68,0,83,16,0.00,0.1,0.0,0.0,0.0,0
131 0.393 0000  274   5 0.00  0.1  0.0 0.0 0.0 0,2026-01-27,Vitória da Conquista (BA),131,393,0,274,5,0.00,0.1,0.0,0.0,0.0,0
136 0.033 0000   76  35 0.00  0.1  0.0 0.0 0.0 0,2026-01-27,Vitória da Conquista (BA),136,33,0,76,35,0.00,0.1,0.0,0.0,0.0,0
159 0.487 0000   18  14 0.00  0.1  0.0 0.0 0.0 0,2026-01-27,Vitória da Conquista (BA),159,487,0,18,14,0.00,0.1,0.0,0.0,0.0,0
161 0.022 0000  245  44 0.00  0.1  0.0 0.0 0.0 0,2026-01-27,Vitória da Conquista (BA),161,22,0,245,44,0.00,0.1,0.0,0.0,0.0,0
162 0.017 0000  336  56 0.00  0.1  0.0 0.0 0.0 0,2026-01-27,Vitória da Conquista (BA),162,17,0,336,56,0.00,0.1,0.0,0.0,0.0,0
166 1.186 0000  252  19 0.00  0.1  0.0 0.0 0.0 0,2026-01-27,Vitória da Conquista (BA),166,1.186,0,252,19,0.00,0.1,0.0,0.0,0.0,0
169 0.009 0000   76  37 0.00  0.1  0.0 0.0 0.0 0,2026-01-27,Vitória da Conquista (BA),169,9,0,76,37,0.00,0.1,0.0,0.0,0.0,0
170 0.052 0000  123  12 0.00  0.1  0.0 0.0 0.0 0,2026-01-27,Vitória da Conquista (BA),170,52,0,123,12,0.00,0.1,0.0,0.0,0.0,0
175 0.930 0000    7  26 0.00  0.1  0.0 0.0 0.0 0,2026-01-27,Vitória da Conquista (BA),175,930,0,7,26,0.00,0.1,0.0,0.0,0.0,0
176 0.021 0000  135  23 0.00  0.1  0.0 0.0 0.0 0,2026-01-27,Vitória da Conquista (BA),176,21,0,135,23,0.00,0.1,0.0,0.0,0.0,0
224 0.316 0000  218   3 0.00  0.1  0.0 0.0 0.0 0,2026-01-27,Vitória da Conquista (BA),224,316,0,218,3,0.00,0.1,0.0,0.0,0.0,0
227 0.016 0000  190  42 0.00  0.1  0.0 0.0 0.0 0,2026-01-27,Vitória da Conquista (BA),227,16,0,190,42,0.00,0.1,0.0,0.0,0.0,0
5 0.665 0000  266  17 0.00  0.1  0.0 0.0 0.0 0,2026-01-28,Vitória da Conquista (BA),5,665,0,266,17,0.00,0.1,0.0,0.0,0.0,0
6 0.161 0000  359   6 0.00  0.1  0.0 0.0 0.0 0,2026-01-28,Vitória da Conquista (BA),6,161,0,359,6,0.00,0.1,0.0,0.0,0.0,0
7 0.634 0000  108  29 0.00  0.1  0.0 0.0 0.0 0,2026-01-28,Vitória da Conquista (BA),7,634,0,108,29,0.00,0.1,0.0,0.0,0.0,0
9 0.628 0000   34  23 0.00  0.1  0.0 0.0 0.0 0,2026-01-28,Vitória da Conquista (BA),9,628,0,34,23,0.00,0.1,0.0,0.0,0.0,0
13 0.289 0000  213  27 0.00  0.1  0.0 0.0 0.0 0,2026-01-28,Vitória da Conquista (BA),13,289,0,213,27,0.00,0.1,0.0,0.0,0.0,0
14 0.701 0000  189  52 0.00  0.1  0.0 0.0 0.0 0,2026-01-28,Vitória da Conquista (BA),14,701,0,189,52,0.00,0.1,0.0,0.0,0.0,0
15 0.398 0000  218   2 0.00  0.1  0.0 0.0 0.0 0,2026-01-28,Vitória da Conquista (BA),15,398,0,218,2,0.00,0.1,0.0,0.0,0.0,0
17 0.034 0000   25  62 0.00  0.1  0.0 0.0 0.0 0,2026-01-28,Vitória da Conquista (BA),17,34,0,25,62,0.00,0.1,0.0,0.0,0.0,0
19 0.033 0000  358  43 0.00  0.1  0.0 0.0 0.0 0,2026-01-28,Vitória da Conquista (BA),19,33,0,358,43,0.00,0.1,0.0,0.0,0.0,0
21 0.355 0000  296  29 0.00  0.1  0.0 0.0 0.0 0,2026-01-28,Vitória da Conquista (BA),21,355,0,296,29,0.00,0.1,0.0,0.0,0.0,0
22 0.413 0000  226  58 0.00  0.1  0.0 0.0 0.0 0,2026-01-28,Vitória da Conquista (BA),22,413,0,226,58,0.00,0.1,0.0,0.0,0.0,0
30 0.030 0000  146  45 0.00  0.1  0.0 0.0 0.0 0,2026-01-28,Vitória da Conquista (BA),30,30,0,146,45,0.00,0.1,0.0,0.0,0.0,0
38 0.562 0000  285  69 0.00  0.1  0.0 0.0 0.0 0,2026-01-28,Vitória da Conquista (BA),38,562,0,285,69,0.00,0.1,0.0,0.0,0.0,0
39 0.222 0000  216  32 0.00  0.1  0.0 0.0 0.0 0,2026-01-28,Vitória da Conquista (BA),39,222,0,216,32,0.00,0.1,0.0,0.0,0.0,0
45 0.600 0000    8  32 0.00  0.1  0.0 0.0 0.0 0,2026-01-28,Vitória da Conquista (BA),45,600,0,8,32,0.00,0.1,0.0,0.0,0.0,0
48 0.070 0000  158  20 0.00  0.1  0.0 0.0 0.0 0,2026-01-28,Vitória da Conquista (BA),48,70,0,158,20,0.00,0.1,0.0,0.0,0.0,0
49 0.887 0000  220  32 0.00  0.1  0.0 0.0 0.0 0,2026-01-28,Vitória da Conquista (BA),49,887,0,220,32,0.00,0.1,0.0,0.0,0.0,0
50 0.654 0000  266  13 0.00  0.1  0.0 0.0 0.0 0,2026-01-28,Vitória da Conquista (BA),50,654,0,266,13,0.00,0.1,0.0,0.0,0.0,0
58 0.105 0000  108  16 0.00  0.1  0.0 0.0 0.0 0,2026-01-28,Vitória da Conquista (BA),58,105,0,108,16,0.00,0.1,0.0,0.0,0.0,0
59 0.498 0000   46  21 0.00  0.1  0.0 0.0 0.0 0,2026-01-28,Vitória da Conquista (BA),59,498,0,46,21,0.00,0.1,0.0,0.0,0.0,0
60 0.874 0000    9   6 0.00  0.1  0.0 0.0 0.0 0,2026-01-28,Vitória da Conquista (BA),60,874,0,9,6,0.00,0.1,0.0,0.0,0.0,0
72 0.418 0000  170  49 0.00  0.1  0.0 0.0 0.0 0,2026-01-28,Vitória da Conquista (BA),72,418,0,170,49,0.00,0.1,0.0,0.0,0.0,0
73 0.119 0000   50  55 0.00  0.1  0.0 0.0 0.0 0,2026-01-28,Vitória da Conquista (BA),73,119,0,50,55,0.00,0.1,0.0,0.0,0.0,0
75 0.761 0000   40   5 0.00  0.1  0.0 0.0 0.0 0,2026-01-28,Vitória da Conquista (BA),75,761,0,40,5,0.00,0.1,0.0,0.0,0.0,0
77 0.740 0000  215  15 0.00  0.1  0.0 0.0 0.0 0,2026-01-28,Vitória da Conquista (BA),77,740,0,215,15,0.00,0.1,0.0,0.0,0.0,0
78 0.578 0000  198  67 0.00  0.1  0.0 0.0 0.0 0,2026-01-28,Vitória da Conquista (BA),78,578,0,198,67,0.00,0.1,0.0,0.0,0.0,0
85 0.245 0000  343   3 0.00  0.1  0.0 0.0 0.0 0,2026-01-28,Vitória da Conquista (BA),85,245,0,343,3,0.00,0.1,0.0,0.0,0.0,0
97 0.560 0000  301  12 0.00  0.1  0.0 0.0 0.0 0,2026-01-28,Vitória da Conquista (BA),97,560,0,301,12,0.00,0.1,0.0,0.0,0.0,0
100 0.835 0000  266  53 0.00  0.1  0.0 0.0 0.0 0,2026-01-28,Vitória da Conquista (BA),100,835,0,266,53,0.00,0.1,0.0,0.0,0.0,0
104 0.396 0000   29   8 0.00  0.1  0.0 0.0 0.0 0,2026-01-28,Vitória da Conquista (BA),104,396,0,29,8,0.00,0.1,0.0,0.0,0.0,0
121 0.492 0000   70  46 0.00  0.1  0.0 0.0 0.0 0,2026-01-28,Vitória da Conquista (BA),121,492,0,70,46,0.00,0.1,0.0,0.0,0.0,0
123 0.125 0000   83  16 0.00  0.1  0.0 0.0 0.0 0,2026-01-28,Vitória da Conquista (BA),123,125,0,83,16,0.00,0.1,0.0,0.0,0.0,0
136 0.586 0000   76  35 0.00  0.1  0.0 0.0 0.0 0,2026-01-28,Vitória da Conquista (BA),136,586,0,76,35,0.00,0.1,0.0,0.0,0.0,0
159 0.923 0000  326  57 0.00  0.1  0.0 0.0 0.0 0,2026-01-28,Vitória da Conquista (BA),159,923,0,326,57,0.00,0.1,0.0,0.0,0.0,0
160 0.809 0000   13  22 0.00  0.1  0.0 0.0 0.0 0,2026-01-28,Vitória da Conquista (BA),160,809,0,13,22,0.00,0.1,0.0,0.0,0.0,0
162 0.743 0000  240  38 0.00  0.1  0.0 0.0 0.0 0,2026-01-28,Vitória da Conquista (BA),162,743,0,240,38,0.00,0.1,0.0,0.0,0.0,0
167 0.071 0000  120  13 0.00  0.1  0.0 0.0 0.0 0,2026-01-28,Vitória da Conquista (BA),167,71,0,120,13,0.00,0.1,0.0,0.0,0.0,0
169 0.819 0000    6  26 0.00  0.1  0.0 0.0 0.0 0,2026-01-28,Vitória da Conquista (BA),169,819,0,6,26,0.00,0.1,0.0,0.0,0.0,0
170 0.576 0000   66  40 0.00  0.1  0.0 0.0 0.0 0,2026-01-28,Vitória da Conquista (BA),170,576,0,66,40,0.00,0.1,0.0,0.0,0.0,0
176 0.203 0000  203  41 0.00  0.1  0.0 0.0 0.0 0,2026-01-28,Vitória da Conquista (BA),176,203,0,203,41,0.00,0.1,0.0,0.0,0.0,0
227 0.701 0000  253  18 0.00  0.1  0.0 0.0 0.0 0,2026-01-28,Vitória da Conquista (BA),227,701,0,253,18,0.00,0.1,0.0,0.0,0.0,0
5 0.000 0000  268  17 0.00  0.1  0.0 0.0 0.0 0,2026-01-29,Vitória da Conquista (BA),5,0,0,268,17,0.00,0.1,0.0,0.0,0.0,0
6 0.562 0000    0   7 0.00  0.1  0.0 0.0 0.0 0,2026-01-29,Vitória da Conquista (BA),6,562,0,0,7,0.00,0.1,0.0,0.0,0.0,0
7 0.039 0000  106  29 0.00  0.1  0.0 0.0 0.0 0,2026-01-29,Vitória da Conquista (BA),7,39,0,106,29,0.00,0.1,0.0,0.0,0.0,0
9 0.867 0000   33  21 0.00  0.1  0.0 0.0 0.0 0,2026-01-29,Vitória da Conquista (BA),9,867,0,33,21,0.00,0.1,0.0,0.0,0.0,0
13 0.000 0000  213  29 0.00  0.1  0.0 0.0 0.0 0,2026-01-29,Vitória da Conquista (BA),13,0,0,213,29,0.00,0.1,0.0,0.0,0.0,0
14 0.000 0000  186  51 0.00  0.1  0.0 0.0 0.0 0,2026-01-29,Vitória da Conquista (BA),14,0,0,186,51,0.00,0.1,0.0,0.0,0.0,0
15 0.186 0000  218   3 0.00  0.1  0.0 0.0 0.0 0,2026-01-29,Vitória da Conquista (BA),15,186,0,218,3,0.00,0.1,0.0,0.0,0.0,0
17 0.008 0000   28  64 0.00  0.1  0.0 0.0 0.0 0,2026-01-29,Vitória da Conquista (BA),17,8,0,28,64,0.00,0.1,0.0,0.0,0.0,0
19 0.018 0000  359  45 0.00  0.1  0.0 0.0 0.0 0,2026-01-29,Vitória da Conquista (BA),19,18,0,359,45,0.00,0.1,0.0,0.0,0.0,0
21 0.024 0000  298  28 0.00  0.1  0.0 0.0 0.0 0,2026-01-29,Vitória da Conquista (BA),21,24,0,298,28,0.00,0.1,0.0,0.0,0.0,0
22 0.014 0000  222  57 0.00  0.1  0.0 0.0 0.0 0,2026-01-29,Vitória da Conquista (BA),22,14,0,222,57,0.00,0.1,0.0,0.0,0.0,0
30 0.000 0000  144  45 0.00  0.1  0.0 0.0 0.0 0,2026-01-29,Vitória da Conquista (BA),30,0,0,144,45,0.00,0.1,0.0,0.0,0.0,0
38 0.785 0000    6  30 0.00  0.1  0.0 0.0 0.0 0,2026-01-29,Vitória da Conquista (BA),38,785,0,6,30,0.00,0.1,0.0,0.0,0.0,0
39 0.013 0000  303  71 0.00  0.1  0.0 0.0 0.0 0,2026-01-29,Vitória da Conquista (BA),39,13,0,303,71,0.00,0.1,0.0,0.0,0.0,0
40 0.023 0000  216  30 0.00  0.1  0.0 0.0 0.0 0,2026-01-29,Vitória da Conquista (BA),40,23,0,216,30,0.00,0.1,0.0,0.0,0.0,0
49 0.050 0000  159  21 0.00  0.1  0.0 0.0 0.0 0,2026-01-29,Vitória da Conquista (BA),49,50,0,159,21,0.00,0.1,0.0,0.0,0.0,0
50 0.022 0000  211  32 0.00  0.1  0.0 0.0 0.0 0,2026-01-29,Vitória da Conquista (BA),50,22,0,211,32,0.00,0.1,0.0,0.0,0.0,0
51 0.065 0000  267  10 0.00  0.1  0.0 0.0 0.0 0,2026-01-29,Vitória da Conquista (BA),51,65,0,267,10,0.00,0.1,0.0,0.0,0.0,0
59 0.060 0000  102  18 0.00  0.1  0.0 0.0 0.0 0,2026-01-29,Vitória da Conquista (BA),59,60,0,102,18,0.00,0.1,0.0,0.0,0.0,0
60 0.470 0000   60  23 0.00  0.1  0.0 0.0 0.0 0,2026-01-29,Vitória da Conquista (BA),60,470,0,60,23,0.00,0.1,0.0,0.0,0.0,0
61 0.507 0000    1   4 0.00  0.1  0.0 0.0 0.0 0,2026-01-29,Vitória da Conquista (BA),61,507,0,1,4,0.00,0.1,0.0,0.0,0.0,0
74 0.270 0000   42  23 0.00  0.1  0.0 0.0 0.0 0,2026-01-29,Vitória da Conquista (BA),74,270,0,42,23,0.00,0.1,0.0,0.0,0.0,0
75 0.030 0000  210  47 0.00  0.1  0.0 0.0 0.0 0,2026-01-29,Vitória da Conquista (BA),75,30,0,210,47,0.00,0.1,0.0,0.0,0.0,0
76 0.021 0000   47  49 0.00  0.1  0.0 0.0 0.0 0,2026-01-29,Vitória da Conquista (BA),76,21,0,47,49,0.00,0.1,0.0,0.0,0.0,0
79 0.023 0000   65  74 0.00  0.1  0.0 0.0 0.0 0,2026-01-29,Vitória da Conquista (BA),79,23,0,65,74,0.00,0.1,0.0,0.0,0.0,0
80 0.406 0000   36   9 0.00  0.1  0.0 0.0 0.0 0,2026-01-29,Vitória da Conquista (BA),80,406,0,36,9,0.00,0.1,0.0,0.0,0.0,0
81 0.538 0000   10   8 0.00  0.1  0.0 0.0 0.0 0,2026-01-29,Vitória da Conquista (BA),81,538,0,10,8,0.00,0.1,0.0,0.0,0.0,0
95 0.010 0000  283  39 0.00  0.1  0.0 0.0 0.0 0,2026-01-29,Vitória da Conquista (BA),95,10,0,283,39,0.00,0.1,0.0,0.0,0.0,0
101 0.051 0000  147  21 0.00  0.1  0.0 0.0 0.0 0,2026-01-29,Vitória da Conquista (BA),101,51,0,147,21,0.00,0.1,0.0,0.0,0.0,0
121 0.000 0000   70  46 0.00  0.1  0.0 0.0 0.0 0,2026-01-29,Vitória da Conquista (BA),121,0,0,70,46,0.00,0.1,0.0,0.0,0.0,0
123 0.575 0000   83  16 0.00  0.1  0.0 0.0 0.0 0,2026-01-29,Vitória da Conquista (BA),123,575,0,83,16,0.00,0.1,0.0,0.0,0.0,0
136 0.000 0000   76  35 0.00  0.1  0.0 0.0 0.0 0,2026-01-29,Vitória da Conquista (BA),136,0,0,76,35,0.00,0.1,0.0,0.0,0.0,0
159 0.036 0000  237  34 0.00  0.1  0.0 0.0 0.0 0,2026-01-29,Vitória da Conquista (BA),159,36,0,237,34,0.00,0.1,0.0,0.0,0.0,0
160 0.013 0000  305  59 0.00  0.1  0.0 0.0 0.0 0,2026-01-29,Vitória da Conquista (BA),160,13,0,305,59,0.00,0.1,0.0,0.0,0.0,0
167 0.039 0000   62  39 0.00  0.1  0.0 0.0 0.0 0,2026-01-29,Vitória da Conquista (BA),167,39,0,62,39,0.00,0.1,0.0,0.0,0.0,0
168 0.033 0000  108  23 0.00  0.1  0.0 0.0 0.0 0,2026-01-29,Vitória da Conquista (BA),168,33,0,108,23,0.00,0.1,0.0,0.0,0.0,0
170 1.001 0000  359  22 0.00  0.1  0.0 0.0 0.0 0,2026-01-29,Vitória da Conquista (BA),170,1.001,0,359,22,0.00,0.1,0.0,0.0,0.0,0
172 0.481 0000   11  23 0.00  0.1  0.0 0.0 0.0 0,2026-01-29,Vitória da Conquista (BA),172,481,0,11,23,0.00,0.1,0.0,0.0,0.0,0
176 0.054 0000  259  11 0.00  0.1  0.0 0.0 0.0 0,2026-01-29,Vitória da Conquista (BA),176,54,0,259,11,0.00,0.1,0.0,0.0,0.0,0
177 0.047 0000  142  29 0.00  0.1  0.0 0.0 0.0 0,2026-01-29,Vitória da Conquista (BA),177,47,0,142,29,0.00,0.1,0.0,0.0,0.0,0
1 0.205 0000   92   1 0.00  0.1  0.0 0.0 0.0 0,2026-01-30,Vitória da Conquista (BA),1,205,0,92,1,0.00,0.1,0.0,0.0,0.0,0
5 0.068 0000  270  17 0.00  0.1  0.0 0.0 0.0 0,2026-01-30,Vitória da Conquista (BA),5,68,0,270,17,0.00,0.1,0.0,0.0,0.0,0
6 0.128 0000    2   7 0.00  0.1  0.0 0.0 0.0 0,2026-01-30,Vitória da Conquista (BA),6,128,0,2,7,0.00,0.1,0.0,0.0,0.0,0
7 0.000 0000  104  28 0.00  0.1  0.0 0.0 0.0 0,2026-01-30,Vitória da Conquista (BA),7,0,0,104,28,0.00,0.1,0.0,0.0,0.0,0
9 0.000 0000   32  19 0.00  0.1  0.0 0.0 0.0 0,2026-01-30,Vitória da Conquista (BA),9,0,0,32,19,0.00,0.1,0.0,0.0,0.0,0
13 0.039 0000  213  30 0.00  0.1  0.0 0.0 0.0 0,2026-01-30,Vitória da Conquista (BA),13,39,0,213,30,0.00,0.1,0.0,0.0,0.0,0
14 0.000 0000  184  50 0.00  0.1  0.0 0.0 0.0 0,2026-01-30,Vitória da Conquista (BA),14,0,0,184,50,0.00,0.1,0.0,0.0,0.0,0
15 0.000 0000  218   5 0.00  0.1  0.0 0.0 0.0 0,2026-01-30,Vitória da Conquista (BA),15,0,0,218,5,0.00,0.1,0.0,0.0,0.0,0
17 0.000 0000   31  66 0.00  0.1  0.0 0.0 0.0 0,2026-01-30,Vitória da Conquista (BA),17,0,0,31,66,0.00,0.1,0.0,0.0,0.0,0
19 0.000 0000  359  47 0.00  0.1  0.0 0.0 0.0 0,2026-01-30,Vitória da Conquista (BA),19,0,0,359,47,0.00,0.1,0.0,0.0,0.0,0
21 0.000 0000  300  27 0.00  0.1  0.0 0.0 0.0 0,2026-01-30,Vitória da Conquista (BA),21,0,0,300,27,0.00,0.1,0.0,0.0,0.0,0
22 0.000 0000  219  56 0.00  0.1  0.0 0.0 0.0 0,2026-01-30,Vitória da Conquista (BA),22,0,0,219,56,0.00,0.1,0.0,0.0,0.0,0
30 0.000 0000  141  45 0.00  0.1  0.0 0.0 0.0 0,2026-01-30,Vitória da Conquista (BA),30,0,0,141,45,0.00,0.1,0.0,0.0,0.0,0
39 0.024 0000    9  26 0.00  0.1  0.0 0.0 0.0 0,2026-01-30,Vitória da Conquista (BA),39,24,0,9,26,0.00,0.1,0.0,0.0,0.0,0
40 0.009 0000  296  69 0.00  0.1  0.0 0.0 0.0 0,2026-01-30,Vitória da Conquista (BA),40,9,0,296,69,0.00,0.1,0.0,0.0,0.0,0
41 0.038 0000  218  34 0.00  0.1  0.0 0.0 0.0 0,2026-01-30,Vitória da Conquista (BA),41,38,0,218,34,0.00,0.1,0.0,0.0,0.0,0
50 0.055 0000  153  18 0.00  0.1  0.0 0.0 0.0 0,2026-01-30,Vitória da Conquista (BA),50,55,0,153,18,0.00,0.1,0.0,0.0,0.0,0
51 0.017 0000  215  32 0.00  0.1  0.0 0.0 0.0 0,2026-01-30,Vitória da Conquista (BA),51,17,0,215,32,0.00,0.1,0.0,0.0,0.0,0
52 0.128 0000  265  12 0.00  0.1  0.0 0.0 0.0 0,2026-01-30,Vitória da Conquista (BA),52,128,0,265,12,0.00,0.1,0.0,0.0,0.0,0
54 0.114 0000    2   3 0.00  0.1  0.0 0.0 0.0 0,2026-01-30,Vitória da Conquista (BA),54,114,0,2,3,0.00,0.1,0.0,0.0,0.0,0
60 0.055 0000  115  15 0.00  0.1  0.0 0.0 0.0 0,2026-01-30,Vitória da Conquista (BA),60,55,0,115,15,0.00,0.1,0.0,0.0,0.0,0
61 0.030 0000   50  25 0.00  0.1  0.0 0.0 0.0 0,2026-01-30,Vitória da Conquista (BA),61,30,0,50,25,0.00,0.1,0.0,0.0,0.0,0
74 0.043 0000  214  27 0.00  0.1  0.0 0.0 0.0 0,2026-01-30,Vitória da Conquista (BA),74,43,0,214,27,0.00,0.1,0.0,0.0,0.0,0
76 0.121 0000  217   3 0.00  0.1  0.0 0.0 0.0 0,2026-01-30,Vitória da Conquista (BA),76,121,0,217,3,0.00,0.1,0.0,0.0,0.0,0
89 0.018 0000  163  82 0.00  0.1  0.0 0.0 0.0 0,2026-01-30,Vitória da Conquista (BA),89,18,0,163,82,0.00,0.1,0.0,0.0,0.0,0
91 0.071 0000  159  38 0.00  0.1  0.0 0.0 0.0 0,2026-01-30,Vitória da Conquista (BA),91,71,0,159,38,0.00,0.1,0.0,0.0,0.0,0
93 0.011 0000  242  59 0.00  0.1  0.0 0.0 0.0 0,2026-01-30,Vitória da Conquista (BA),93,11,0,242,59,0.00,0.1,0.0,0.0,0.0,0
96 0.018 0000   41   9 0.00  0.1  0.0 0.0 0.0 0,2026-01-30,Vitória da Conquista (BA),96,18,0,41,9,0.00,0.1,0.0,0.0,0.0,0
99 0.000 0000   44  42 0.00  0.1  0.0 0.0 0.0 0,2026-01-30,Vitória da Conquista (BA),99,0,0,44,42,0.00,0.1,0.0,0.0,0.0,0
101 0.051 0000  294  22 0.00  0.1  0.0 0.0 0.0 0,2026-01-30,Vitória da Conquista (BA),101,51,0,294,22,0.00,0.1,0.0,0.0,0.0,0
103 0.109 0000  355   5 0.00  0.1  0.0 0.0 0.0 0,2026-01-30,Vitória da Conquista (BA),103,109,0,355,5,0.00,0.1,0.0,0.0,0.0,0
121 0.000 0000   70  46 0.00  0.1  0.0 0.0 0.0 0,2026-01-30,Vitória da Conquista (BA),121,0,0,70,46,0.00,0.1,0.0,0.0,0.0,0
123 0.000 0000   83  16 0.00  0.1  0.0 0.0 0.0 0,2026-01-30,Vitória da Conquista (BA),123,0,0,83,16,0.00,0.1,0.0,0.0,0.0,0
136 0.000 0000   76  35 0.00  0.1  0.0 0.0 0.0 0,2026-01-30,Vitória da Conquista (BA),136,0,0,76,35,0.00,0.1,0.0,0.0,0.0,0
151 0.081 0000  128   7 0.00  0.1  0.0 0.0 0.0 0,2026-01-30,Vitória da Conquista (BA),151,81,0,128,7,0.00,0.1,0.0,0.0,0.0,0
160 0.065 0000  231  25 0.00  0.1  0.0 0.0 0.0 0,2026-01-30,Vitória da Conquista (BA),160,65,0,231,25,0.00,0.1,0.0,0.0,0.0,0
163 0.019 0000  149  33 0.00  0.1  0.0 0.0 0.0 0,2026-01-30,Vitória da Conquista (BA),163,19,0,149,33,0.00,0.1,0.0,0.0,0.0,0
165 0.077 0000  111   3 0.00  0.1  0.0 0.0 0.0 0,2026-01-30,Vitória da Conquista (BA),165,77,0,111,3,0.00,0.1,0.0,0.0,0.0,0
167 0.066 0000  357  20 0.00  0.1  0.0 0.0 0.0 0,2026-01-30,Vitória da Conquista (BA),167,66,0,357,20,0.00,0.1,0.0,0.0,0.0,0
168 0.012 0000   41  39 0.00  0.1  0.0 0.0 0.0 0,2026-01-30,Vitória da Conquista (BA),168,12,0,41,39,0.00,0.1,0.0,0.0,0.0,0
172 0.009 0000  301  57 0.00  0.1  0.0 0.0 0.0 0,2026-01-30,Vitória da Conquista (BA),172,9,0,301,57,0.00,0.1,0.0,0.0,0.0,0
177 0.023 0000  214  38 0.00  0.1  0.0 0.0 0.0 0,2026-01-30,Vitória da Conquista (BA),177,23,0,214,38,0.00,0.1,0.0,0.0,0.0,0
223 0.019 0000    9  25 0.00  0.1  0.0 0.0 0.0 0,2026-01-30,Vitória da Conquista (BA),223,19,0,9,25,0.00,0.1,0.0,0.0,0.0,0
225 0.000 0000  109  26 0.00  0.1  0.0 0.0 0.0 0,2026-01-30,Vitória da Conquista (BA),225,0,0,109,26,0.00,0.1,0.0,0.0,0.0,0
1 0.180 0000   94   2 0.00  0.1  0.0 0.0 0.0 0,2026-01-31,Vitória da Conquista (BA),1,180,0,94,2,0.00,0.1,0.0,0.0,0.0,0
6 0.909 0000    3   8 0.00  0.1  0.0 0.0 0.0 0,2026-01-31,Vitória da Conquista (BA),6,909,0,3,8,0.00,0.1,0.0,0.0,0.0,0
7 0.000 0000  102  28 0.00  0.1  0.0 0.0 0.0 0,2026-01-31,Vitória da Conquista (BA),7,0,0,102,28,0.00,0.1,0.0,0.0,0.0,0
9 0.401 0000   32  17 0.00  0.1  0.0 0.0 0.0 0,2026-01-31,Vitória da Conquista (BA),9,401,0,32,17,0.00,0.1,0.0,0.0,0.0,0
13 0.000 0000  213  32 0.00  0.1  0.0 0.0 0.0 0,2026-01-31,Vitória da Conquista (BA),13,0,0,213,32,0.00,0.1,0.0,0.0,0.0,0
14 0.000 0000  182  49 0.00  0.1  0.0 0.0 0.0 0,2026-01-31,Vitória da Conquista (BA),14,0,0,182,49,0.00,0.1,0.0,0.0,0.0,0
15 0.172 0000  219   6 0.00  0.1  0.0 0.0 0.0 0,2026-01-31,Vitória da Conquista (BA),15,172,0,219,6,0.00,0.1,0.0,0.0,0.0,0
17 0.000 0000   34  67 0.00  0.1  0.0 0.0 0.0 0,2026-01-31,Vitória da Conquista (BA),17,0,0,34,67,0.00,0.1,0.0,0.0,0.0,0
19 0.000 0000    0  49 0.00  0.1  0.0 0.0 0.0 0,2026-01-31,Vitória da Conquista (BA),19,0,0,0,49,0.00,0.1,0.0,0.0,0.0,0
21 0.452 0000  302  26 0.00  0.1  0.0 0.0 0.0 0,2026-01-31,Vitória da Conquista (BA),21,452,0,302,26,0.00,0.1,0.0,0.0,0.0,0
22 0.000 0000  215  56 0.00  0.1  0.0 0.0 0.0 0,2026-01-31,Vitória da Conquista (BA),22,0,0,215,56,0.00,0.1,0.0,0.0,0.0,0
30 0.000 0000  139  45 0.00  0.1  0.0 0.0 0.0 0,2026-01-31,Vitória da Conquista (BA),30,0,0,139,45,0.00,0.1,0.0,0.0,0.0,0
40 0.114 0000    7  27 0.00  0.1  0.0 0.0 0.0 0,2026-01-31,Vitória da Conquista (BA),40,114,0,7,27,0.00,0.1,0.0,0.0,0.0,0
41 0.917 0000  311  68 0.00  0.1  0.0 0.0 0.0 0,2026-01-31,Vitória da Conquista (BA),41,917,0,311,68,0.00,0.1,0.0,0.0,0.0,0
42 0.023 0000  222  39 0.00  0.1  0.0 0.0 0.0 0,2026-01-31,Vitória da Conquista (BA),42,23,0,222,39,0.00,0.1,0.0,0.0,0.0,0
51 0.050 0000  155  20 0.00  0.1  0.0 0.0 0.0 0,2026-01-31,Vitória da Conquista (BA),51,50,0,155,20,0.00,0.1,0.0,0.0,0.0,0
52 0.038 0000  212  32 0.00  0.1  0.0 0.0 0.0 0,2026-01-31,Vitória da Conquista (BA),52,38,0,212,32,0.00,0.1,0.0,0.0,0.0,0
53 0.745 0000  264  11 0.00  0.1  0.0 0.0 0.0 0,2026-01-31,Vitória da Conquista (BA),53,745,0,264,11,0.00,0.1,0.0,0.0,0.0,0
54 0.230 0000   50  26 0.00  0.1  0.0 0.0 0.0 0,2026-01-31,Vitória da Conquista (BA),54,230,0,50,26,0.00,0.1,0.0,0.0,0.0,0
55 0.907 0000    8   7 0.00  0.1  0.0 0.0 0.0 0,2026-01-31,Vitória da Conquista (BA),55,907,0,8,7,0.00,0.1,0.0,0.0,0.0,0
61 0.062 0000  108  20 0.00  0.1  0.0 0.0 0.0 0,2026-01-31,Vitória da Conquista (BA),61,62,0,108,20,0.00,0.1,0.0,0.0,0.0,0
72 0.058 0000  141  11 0.00  0.1  0.0 0.0 0.0 0,2026-01-31,Vitória da Conquista (BA),72,58,0,141,11,0.00,0.1,0.0,0.0,0.0,0
73 0.267 0000   39  11 0.00  0.1  0.0 0.0 0.0 0,2026-01-31,Vitória da Conquista (BA),73,267,0,39,11,0.00,0.1,0.0,0.0,0.0,0
77 0.026 0000  208  61 0.00  0.1  0.0 0.0 0.0 0,2026-01-31,Vitória da Conquista (BA),77,26,0,208,61,0.00,0.1,0.0,0.0,0.0,0
78 0.011 0000   47  62 0.00  0.1  0.0 0.0 0.0 0,2026-01-31,Vitória da Conquista (BA),78,11,0,47,62,0.00,0.1,0.0,0.0,0.0,0
85 0.825 0000   24   9 0.00  0.1  0.0 0.0 0.0 0,2026-01-31,Vitória da Conquista (BA),85,825,0,24,9,0.00,0.1,0.0,0.0,0.0,0
91 0.380 0000  302   5 0.00  0.1  0.0 0.0 0.0 0,2026-01-31,Vitória da Conquista (BA),91,380,0,302,5,0.00,0.1,0.0,0.0,0.0,0
97 0.545 0000  269  48 0.00  0.1  0.0 0.0 0.0 0,2026-01-31,Vitória da Conquista (BA),97,545,0,269,48,0.00,0.1,0.0,0.0,0.0,0
99 0.158 0000  216   9 0.00  0.1  0.0 0.0 0.0 0,2026-01-31,Vitória da Conquista (BA),99,158,0,216,9,0.00,0.1,0.0,0.0,0.0,0
100 0.012 0000  180  53 0.00  0.1  0.0 0.0 0.0 0,2026-01-31,Vitória da Conquista (BA),100,12,0,180,53,0.00,0.1,0.0,0.0,0.0,0
104 0.149 0000   71   5 0.00  0.1  0.0 0.0 0.0 0,2026-01-31,Vitória da Conquista (BA),104,149,0,71,5,0.00,0.1,0.0,0.0,0.0,0
121 0.431 0000   70  46 0.00  0.1  0.0 0.0 0.0 0,2026-01-31,Vitória da Conquista (BA),121,431,0,70,46,0.00,0.1,0.0,0.0,0.0,0
123 0.182 0000   83  16 0.00  0.1  0.0 0.0 0.0 0,2026-01-31,Vitória da Conquista (BA),123,182,0,83,16,0.00,0.1,0.0,0.0,0.0,0
136 0.460 0000   76  35 0.00  0.1  0.0 0.0 0.0 0,2026-01-31,Vitória da Conquista (BA),136,460,0,76,35,0.00,0.1,0.0,0.0,0.0,0
151 0.493 0000   76  37 0.00  0.1  0.0 0.0 0.0 0,2026-01-31,Vitória da Conquista (BA),151,493,0,76,37,0.00,0.1,0.0,0.0,0.0,0
152 0.077 0000  125  11 0.00  0.1  0.0 0.0 0.0 0,2026-01-31,Vitória da Conquista (BA),152,77,0,125,11,0.00,0.1,0.0,0.0,0.0,0
154 0.813 0000   18  11 0.00  0.1  0.0 0.0 0.0 0,2026-01-31,Vitória da Conquista (BA),154,813,0,18,11,0.00,0.1,0.0,0.0,0.0,0
163 0.034 0000  223  35 0.00  0.1  0.0 0.0 0.0 0,2026-01-31,Vitória da Conquista (BA),163,34,0,223,35,0.00,0.1,0.0,0.0,0.0,0
164 0.114 0000  112   4 0.00  0.1  0.0 0.0 0.0 0,2026-01-31,Vitória da Conquista (BA),164,114,0,112,4,0.00,0.1,0.0,0.0,0.0,0
165 0.033 0000  159  37 0.00  0.1  0.0 0.0 0.0 0,2026-01-31,Vitória da Conquista (BA),165,33,0,159,37,0.00,0.1,0.0,0.0,0.0,0
168 0.392 0000  346  10 0.00  0.1  0.0 0.0 0.0 0,2026-01-31,Vitória da Conquista (BA),168,392,0,346,10,0.00,0.1,0.0,0.0,0.0,0
172 0.066 0000  231  23 0.00  0.1  0.0 0.0 0.0 0,2026-01-31,Vitória da Conquista (BA),172,66,0,231,23,0.00,0.1,0.0,0.0,0.0,0
173 0.073 0000    3  32 0.00  0.1  0.0 0.0 0.0 0,2026-01-31,Vitória da Conquista (BA),173,73,0,3,32,0.00,0.1,0.0,0.0,0.0,0
174 0.022 0000  106  28 0.00  0.1  0.0 0.0 0.0 0,2026-01-31,Vitória da Conquista (BA),174,22,0,106,28,0.00,0.1,0.0,0.0,0.0,0
177 0.570 0000  263   4 0.00  0.1  0.0 0.0 0.0 0,2026-01-31,Vitória da Conquista (BA),177,570,0,263,4,0.00,0.1,0.0,0.0,0.0,0
223 0.045 0000  295  56 0.00  0.1  0.0 0.0 0.0 0,2026-01-31,Vitória da Conquista (BA),223,45,0,295,56,0.00,0.1,0.0,0.0,0.0,0
225 0.377 0000   38  42 0.00  0.1  0.0 0.0 0.0 0,2026-01-31,Vitória da Conquista (BA),225,377,0,38,42,0.00,0.1,0.0,0.0,0.0,0